t,cap2_x,cap4_x,cap5_x,cap7_x,cap8_x,cap9_x,cap2_y,cap4_y,cap5_y,cap7_y,cap8_y,cap9_y,cap2_z,cap4_z,cap5_z,cap7_z,cap8_z,cap9_z
0.016666666666666666,-8.379636255995138e-07,5.382886592997238e-05,-2.0151681383140385e-05,0.00047770628589205444,0.003370614955201745,0.004999028518795967,0.0,0.0,0.0,0.0,0.0,0.0,1.8749747276306152,1.7749463319778442,1.724912166595459,1.6249085664749146,1.5749927759170532,1.524999976158142
0.03333333333333333,-1.1550630915735383e-05,2.0420934561116155e-06,-0.0005333026638254523,0.0020579451229423285,0.004317357670515776,0.004999999422580004,0.0,0.0,0.0,0.0,0.0,0.0,1.8749725818634033,1.7749439477920532,1.724918007850647,1.6249607801437378,1.575019359588623,1.524999976158142
0.05,0.00010149872832698748,-0.00045387170393951237,-0.000650212517939508,0.00325352163054049,0.004701259080320597,0.004999999422580004,0.0,0.0,0.0,0.0,0.0,0.0,1.8749734163284302,1.7749522924423218,1.7249308824539185,1.624996542930603,1.5750242471694946,1.524999976158142
0.06666666666666667,0.00016182557737920433,-0.000810846162494272,-0.0001213333016494289,0.003993314225226641,0.004865590017288923,0.004999999422580004,0.0,0.0,0.0,0.0,0.0,0.0,1.874975323677063,1.7749580144882202,1.7249479293823242,1.6250120401382446,1.5750244855880737,1.524999976158142
0.08333333333333333,-6.271406164159998e-05,-0.0007132827304303646,0.0007592589245177805,0.004428872372955084,0.00494477478787303,0.004999999422580004,0.0,0.0,0.0,0.0,0.0,0.0,1.874979019165039,1.774964690208435,1.7249689102172852,1.6250184774398804,1.5750234127044678,1.524999976158142
0.1,-0.00047123394324444234,-0.00019908612011931837,0.001690394477918744,0.004684251733124256,0.004986264742910862,0.004999999422580004,0.0,0.0,0.0,0.0,0.0,0.0,1.8749852180480957,1.774977445602417,1.7249914407730103,1.6250202655792236,1.5750226974487305,1.524999976158142
0.11666666666666667,-0.0008129774942062795,0.0005363273667171597,0.002507604192942381,0.004833695478737354,0.005006618797779083,0.004999999422580004,0.0,0.0,0.0,0.0,0.0,0.0,1.8749855756759644,1.7749905586242676,1.725008249282837,1.625020980834961,1.5750216245651245,1.524999976158142
0.13333333333333333,-0.0009549131500534713,0.0013325054896995425,0.003157678060233593,0.004925916437059641,0.005016769748181105,0.004999999422580004,0.0,0.0,0.0,0.0,0.0,0.0,1.8749850988388062,1.7750025987625122,1.7250171899795532,1.6250193119049072,1.575019359588623,1.524999976158142
0.15,-0.0009027855703607202,0.002104923129081726,0.0036616346333175898,0.004986211191862822,0.005025060847401619,0.004999999422580004,0.0,0.0,0.0,0.0,0.0,0.0,1.8749946355819702,1.7750228643417358,1.7250275611877441,1.6250193119049072,1.575019359588623,1.524999976158142
0.16666666666666666,-0.0006815092056058347,0.0027941155713051558,0.004062110558152199,0.005016579758375883,0.005029680673032999,0.004999999422580004,0.0,0.0,0.0,0.0,0.0,0.0,1.8750072717666626,1.7750462293624878,1.7250394821166992,1.6250226497650146,1.5750226974487305,1.524999976158142
0.18333333333333332,-0.0002841198875103146,0.003333038417622447,0.004383972845971584,0.005018658936023712,0.005022956058382988,0.004999999422580004,0.0,0.0,0.0,0.0,0.0,0.0,1.8750101327896118,1.7750531435012817,1.7250425815582275,1.6250234842300415,1.5750235319137573,1.524999976158142
0.2,0.0002934253716375679,0.0036854639183729887,0.004622899927198887,0.005014333408325911,0.005007733125239611,0.004999999422580004,0.0,0.0,0.0,0.0,0.0,0.0,1.8750028610229492,1.7750427722930908,1.725035548210144,1.625017762184143,1.5750178098678589,1.524999976158142
0.21666666666666667,0.0010175585048273206,0.0038826940581202507,0.004764372017234564,0.005033973604440689,0.005001166369765997,0.004999999422580004,0.0,0.0,0.0,0.0,0.0,0.0,1.8749980926513672,1.775026798248291,1.7250237464904785,1.6250120401382446,1.5750120878219604,1.524999976158142
0.23333333333333334,0.00182910799048841,0.003996061161160469,0.004809191450476646,0.0050897011533379555,0.005017736926674843,0.004999999422580004,0.0,0.0,0.0,0.0,0.0,0.0,1.8750042915344238,1.7750178575515747,1.7250162363052368,1.6250087022781372,1.5750088691711426,1.524999976158142
0.25,0.002667562570422888,0.004094934556633234,0.004778957460075617,0.005165883339941502,0.0050559877417981625,0.004999999422580004,0.0,0.0,0.0,0.0,0.0,0.0,1.8750206232070923,1.7750215530395508,1.725016474723816,1.6250090599060059,1.5750091075897217,1.524999976158142
0.26666666666666666,0.0034745680168271065,0.00423304783180356,0.004712918773293495,0.005225161090493202,0.005098167806863785,0.004999999422580004,0.0,0.0,0.0,0.0,0.0,0.0,1.8750426769256592,1.7750332355499268,1.7250224351882935,1.6250121593475342,1.57501220703125,1.524999976158142
0.2833333333333333,0.004187524318695068,0.004448227118700743,0.004664415493607521,0.0052216933108866215,0.005116913001984358,0.004999999422580004,0.0,0.0,0.0,0.0,0.0,0.0,1.875064730644226,1.7750486135482788,1.7250314950942993,1.625016689300537,1.575016736984253,1.524999976158142
0.3,0.004743119236081839,0.004756383132189512,0.0046888249926269054,0.005123747978359461,0.00508805550634861,0.004999999422580004,0.0,0.0,0.0,0.0,0.0,0.0,1.8750818967819214,1.7750630378723145,1.7250416278839111,1.625020980834961,1.5750210285186768,1.524999976158142
0.31666666666666665,0.005095334257930517,0.005140412598848343,0.004819874186068773,0.0049405391328036785,0.005007730331271887,0.004999999422580004,0.0,0.0,0.0,0.0,0.0,0.0,1.875091552734375,1.7750715017318726,1.7250480651855469,1.6250238418579102,1.5750240087509155,1.524999976158142
0.3333333333333333,0.005232022609561682,0.005548739340156317,0.005050530191510916,0.004731578286737204,0.004901208449155092,0.004999999422580004,0.0,0.0,0.0,0.0,0.0,0.0,1.8750923871994019,1.775072693824768,1.7250494956970215,1.6250252723693848,1.5750254392623901,1.524999976158142
0.35,0.005174752324819565,0.005910010077059269,0.005337404552847147,0.004584775771945715,0.004812919069081545,0.004999999422580004,0.0,0.0,0.0,0.0,0.0,0.0,1.8750859498977661,1.775068998336792,1.7250462770462036,1.6250251531600952,1.5750256776809692,1.524999976158142
0.36666666666666664,0.004965540021657944,0.006156668532639742,0.005624162964522839,0.004576411098241806,0.004784209653735161,0.004999999422580004,0.0,0.0,0.0,0.0,0.0,0.0,1.8750752210617065,1.7750637531280518,1.7250419855117798,1.6250239610671997,1.5750248432159424,1.524999976158142
0.3833333333333333,0.004651219118386507,0.006247605197131634,0.00586624164134264,0.004737028386443853,0.004833833314478397,0.004999999422580004,0.0,0.0,0.0,0.0,0.0,0.0,1.8750638961791992,1.7750592231750488,1.7250388860702515,1.6250226497650146,1.5750235319137573,1.524999976158142
0.4,0.004271969199180603,0.006179608404636383,0.006043034605681896,0.00504167377948761,0.0049520679749548435,0.004999999422580004,0.0,0.0,0.0,0.0,0.0,0.0,1.8750523328781128,1.7750544548034668,1.725035309791565,1.6250202655792236,1.5750209093093872,1.524999976158142
0.4166666666666667,0.003856220981106162,0.0059814006090164185,0.006154022179543972,0.005427110008895397,0.0051096160896122456,0.004999999422580004,0.0,0.0,0.0,0.0,0.0,0.0,1.8750414848327637,1.7750484943389893,1.7250317335128784,1.625016450881958,1.5750178098678589,1.524999976158142
0.43333333333333335,0.003422156209126115,0.005695905536413193,0.006205608602613211,0.005819631740450859,0.0052725463174283504,0.004999999422580004,0.0,0.0,0.0,0.0,0.0,0.0,1.8750296831130981,1.7750401496887207,1.7250268459320068,1.625011920928955,1.5750150680541992,1.524999976158142
0.45,0.0029827395919710398,0.005365246441215277,0.006200082134455442,0.006153411231935024,0.0054121073335409164,0.004999999422580004,0.0,0.0,0.0,0.0,0.0,0.0,1.87501859664917,1.7750301361083984,1.7250202894210815,1.6250075101852417,1.5750139951705933,1.524999976158142
0.4666666666666667,0.0025510615669190884,0.0050236233510077,0.006131801288574934,0.0063769398257136345,0.005507470574229956,0.004999999422580004,0.0,0.0,0.0,0.0,0.0,0.0,1.875008225440979,1.7750205993652344,1.7250157594680786,1.625004768371582,1.5750128030776978,1.524999976158142
0.48333333333333334,0.002142862416803837,0.004693654831498861,0.005990114063024521,0.006456252187490463,0.005545827094465494,0.004999999422580004,0.0,0.0,0.0,0.0,0.0,0.0,1.874999761581421,1.7750136852264404,1.7250127792358398,1.625003695487976,1.5750126838684082,1.524999976158142
0.5,0.0017753718420863152,0.004383535124361515,0.005765598267316818,0.006378999911248684,0.0055229803547263145,0.004999999422580004,0.0,0.0,0.0,0.0,0.0,0.0,1.8749943971633911,1.7750111818313599,1.7250123023986816,1.6250048875808716,1.5750129222869873,1.524999976158142
0.5166666666666666,0.0014631717931479216,0.004087275825440884,0.005455768667161465,0.006156749092042446,0.005443913862109184,0.004999999422580004,0.0,0.0,0.0,0.0,0.0,0.0,1.8749933242797852,1.7750109434127808,1.7250134944915771,1.6250070333480835,1.5750126838684082,1.524999976158142
0.5333333333333333,0.0012140553444623947,0.003789591835811734,0.005066770128905773,0.00582134397700429,0.005321691744029522,0.004999999422580004,0.0,0.0,0.0,0.0,0.0,0.0,1.8749932050704956,1.7750128507614136,1.72501540184021,1.6250088214874268,1.5750123262405396,1.524999976158142
0.55,0.00102814135607332,0.0034733919892460108,0.004610336851328611,0.005414730869233608,0.005173676181584597,0.004999999422580004,0.0,0.0,0.0,0.0,0.0,0.0,1.8749946355819702,1.7750135660171509,1.7250152826309204,1.6250102519989014,1.5750112533569336,1.524999976158142
0.5666666666666667,0.0008995843818411231,0.003125470597296953,0.004100185353308916,0.0049783396534621716,0.005017021205276251,0.004999999422580004,0.0,0.0,0.0,0.0,0.0,0.0,1.8749961853027344,1.7750128507614136,1.725013017654419,1.6250096559524536,1.5750093460083008,1.524999976158142
0.5833333333333334,0.0008184033213183284,0.0027394185308367014,0.0035504947882145643,0.004546177573502064,0.0048655676655471325,0.004999999422580004,0.0,0.0,0.0,0.0,0.0,0.0,1.874997615814209,1.7750083208084106,1.7250081300735474,1.6250057220458984,1.5750069618225098,1.524999976158142
0.6,0.0007724030292592943,0.002315728459507227,0.0029753963463008404,0.0041417693719267845,0.004728436470031738,0.004999999422580004,0.0,0.0,0.0,0.0,0.0,0.0,1.8749970197677612,1.7750027179718018,1.7250003814697266,1.6250009536743164,1.5750049352645874,1.524999976158142
0.6166666666666667,0.0007480184431187809,0.0018610685365274549,0.0023896479979157448,0.0037783500738441944,0.004610033240169287,0.004999999422580004,0.0,0.0,0.0,0.0,0.0,0.0,1.8749961853027344,1.7749956846237183,1.7249925136566162,1.6249958276748657,1.5750036239624023,1.524999976158142
0.6333333333333333,0.000730079656932503,0.0013876960147172213,0.0018100517336279154,0.0034609618596732616,0.004510937258601189,0.004999999422580004,0.0,0.0,0.0,0.0,0.0,0.0,1.874995231628418,1.774989366531372,1.724983811378479,1.6249909400939941,1.5750025510787964,1.524999976158142
0.65,0.0007016852032393217,0.0009130625403486192,0.00125660072080791,0.00318901683203876,0.004428957123309374,0.004999999422580004,0.0,0.0,0.0,0.0,0.0,0.0,1.8749933242797852,1.7749840021133423,1.7249757051467896,1.6249868869781494,1.5750027894973755,1.524999976158142
0.6666666666666666,0.0006444502505473793,0.00045931385830044746,0.0007528068381361663,0.00295907910913229,0.004360605031251907,0.004999999422580004,0.0,0.0,0.0,0.0,0.0,0.0,1.8749909400939941,1.7749789953231812,1.7249683141708374,1.624983787536621,1.5750035047531128,1.524999976158142
0.6833333333333333,0.0005403276300057769,5.1237006118753925e-05,0.000323655956890434,0.002767730737105012,0.004302672576159239,0.004999999422580004,0.0,0.0,0.0,0.0,0.0,0.0,1.874988317489624,1.7749751806259155,1.7249624729156494,1.6249808073043823,1.5750046968460083,1.524999976158142
0.7,0.00037563059595413506,-0.0002884270215872675,-8.979911399364937e-06,0.0026143123395740986,0.004253809805959463,0.004999999422580004,0.0,0.0,0.0,0.0,0.0,0.0,1.8749860525131226,1.774971842765808,1.72495698928833,1.6249781847000122,1.5750055313110352,1.524999976158142
0.7166666666666667,0.00014594085223507136,-0.0005453177727758884,-0.00023208893253467977,0.0025026921648532152,0.004215517081320286,0.004999999422580004,0.0,0.0,0.0,0.0,0.0,0.0,1.8749843835830688,1.7749685049057007,1.7249534130096436,1.624976396560669,1.575006127357483,1.524999976158142
0.7333333333333333,-0.00014119810657575727,-0.0007174746715463698,-0.00034447674988768995,0.0024406255688518286,0.004191654268652201,0.004999999422580004,0.0,0.0,0.0,0.0,0.0,0.0,1.8749830722808838,1.7749661207199097,1.724951148033142,1.6249749660491943,1.5750054121017456,1.524999976158142
0.75,-0.00046738461242057383,-0.0008147276821546257,-0.00035575960646383464,0.002436758717522025,0.0041869324631989,0.004999999422580004,0.0,0.0,0.0,0.0,0.0,0.0,1.8749825954437256,1.7749652862548828,1.7249501943588257,1.6249741315841675,1.575005292892456,1.524999976158142
0.7666666666666666,-0.0008074440993368626,-0.0008535943925380707,-0.00028226131689734757,0.0024968425277620554,0.004204832017421722,0.004999999422580004,0.0,0.0,0.0,0.0,0.0,0.0,1.8749839067459106,1.774966835975647,1.7249529361724854,1.6249759197235107,1.5750055313110352,1.524999976158142
0.7833333333333333,-0.0011338520562276244,-0.0008507611928507686,-0.0001423146022716537,0.0026208253111690283,0.004246273543685675,0.004999999422580004,0.0,0.0,0.0,0.0,0.0,0.0,1.8749876022338867,1.7749710083007812,1.7249583005905151,1.6249802112579346,1.5750067234039307,1.524999976158142
0.8,-0.0014198108110576868,-0.0008183688041754067,4.6111978008411825e-05,0.0028015198186039925,0.0043092211708426476,0.004999999422580004,0.0,0.0,0.0,0.0,0.0,0.0,1.8749910593032837,1.7749760150909424,1.7249653339385986,1.6249865293502808,1.5750083923339844,1.524999976158142
0.8166666666666667,-0.001641083275899291,-0.000761614937800914,0.00026656134286895394,0.0030246246606111526,0.004388707689940929,0.004999999422580004,0.0,0.0,0.0,0.0,0.0,0.0,1.8749945163726807,1.7749813795089722,1.7249728441238403,1.6249929666519165,1.575010895729065,1.524999976158142
0.8333333333333334,-0.0017773833824321628,-0.000678494805470109,0.0005046898149885237,0.0032697871793061495,0.004477268550544977,0.004999999422580004,0.0,0.0,0.0,0.0,0.0,0.0,1.874996304512024,1.7749860286712646,1.7249804735183716,1.6249995231628418,1.5750137567520142,1.524999976158142
0.85,-0.0018142659682780504,-0.0005616972921416163,0.0007487668190151453,0.003513060975819826,0.004565857816487551,0.004999999422580004,0.0,0.0,0.0,0.0,0.0,0.0,1.8749972581863403,1.7749886512756348,1.7249858379364014,1.6250044107437134,1.5750155448913574,1.524999976158142
0.8666666666666667,-0.0017450007144361734,-0.00040200058720074594,0.0009904514299705625,0.0037307667080312967,0.0046451459638774395,0.004999999422580004,0.0,0.0,0.0,0.0,0.0,0.0,1.8749964237213135,1.7749897241592407,1.724989652633667,1.6250079870224,1.575016975402832,1.524999976158142
0.8833333333333333,-0.001571557018905878,-0.0001922338269650936,0.0012253161985427141,0.0039041859563440084,0.0047073811292648315,0.004999999422580004,0.0,0.0,0.0,0.0,0.0,0.0,1.874995231628418,1.774989366531372,1.7249916791915894,1.6250096559524536,1.575016975402832,1.524999976158142
0.9,-0.0013042306527495384,6.942892650840804e-05,0.0014524932485073805,0.004023705143481493,0.004748211242258549,0.004999999422580004,0.0,0.0,0.0,0.0,0.0,0.0,1.8749933242797852,1.774989128112793,1.7249914407730103,1.6250096559524536,1.575015664100647,1.524999976158142
0.9166666666666666,-0.0009592549176886678,0.0003784557047765702,0.0016735041281208396,0.004090317524969578,0.004767586011439562,0.004999999422580004,0.0,0.0,0.0,0.0,0.0,0.0,1.8749921321868896,1.7749890089035034,1.7249921560287476,1.6250083446502686,1.5750130414962769,1.524999976158142
0.9333333333333333,-0.0005554140079766512,0.0007254236261360347,0.0018909850623458624,0.0041138301603496075,0.00476918974891305,0.004999999422580004,0.0,0.0,0.0,0.0,0.0,0.0,1.8749909400939941,1.774989366531372,1.724991798400879,1.6250059604644775,1.575010061264038,1.524999976158142
0.95,-0.00011084322613896802,0.0010987406130880117,0.002107626060023904,0.004109002184122801,0.0047589554451406,0.004999999422580004,0.0,0.0,0.0,0.0,0.0,0.0,1.8749909400939941,1.7749907970428467,1.7249916791915894,1.6250035762786865,1.5750079154968262,1.524999976158142
0.9666666666666667,0.00035863244556821883,0.0014872498577460647,0.002325934125110507,0.004091584123671055,0.004743329714983702,0.004999999422580004,0.0,0.0,0.0,0.0,0.0,0.0,1.874992847442627,1.7749930620193481,1.7249923944473267,1.6250020265579224,1.575006365776062,1.524999976158142
0.9833333333333333,0.0008398203644901514,0.0018817787058651447,0.0025483532808721066,0.004075612872838974,0.004728039726614952,0.004999999422580004,0.0,0.0,0.0,0.0,0.0,0.0,1.8749969005584717,1.7749959230422974,1.7249945402145386,1.6250004768371582,1.5750048160552979,1.524999976158142
1.0,0.0013216506922617555,0.0022757407277822495,0.0027775485068559647,0.004072109702974558,0.004717470612376928,0.004999999422580004,0.0,0.0,0.0,0.0,0.0,0.0,1.8750011920928955,1.7750002145767212,1.72499680519104,1.6249996423721313,1.575003743171692,1.524999976158142
1.0166666666666666,0.001794055220670998,0.002664908766746521,0.00301655032671988,0.004089033231139183,0.004714658483862877,0.004999999422580004,0.0,0.0,0.0,0.0,0.0,0.0,1.8750076293945312,1.7750048637390137,1.7250003814697266,1.6250003576278687,1.57500422000885,1.524999976158142
1.0333333333333332,0.002246938878670335,0.0030468376353383064,0.0032686563208699226,0.004131801426410675,0.004721584729850292,0.004999999422580004,0.0,0.0,0.0,0.0,0.0,0.0,1.8750139474868774,1.775010585784912,1.7250051498413086,1.6250016689300537,1.5750049352645874,1.524999976158142
1.05,0.00266952789388597,0.0034201841335743666,0.003537034150213003,0.0042037684470415115,0.004739409312605858,0.004999999422580004,0.0,0.0,0.0,0.0,0.0,0.0,1.875020980834961,1.7750165462493896,1.7250089645385742,1.625003457069397,1.575006365776062,1.524999976158142
1.0666666666666667,0.003050586674362421,0.0037840420845896006,0.003824060782790184,0.004306475631892681,0.004768649581819773,0.004999999422580004,0.0,0.0,0.0,0.0,0.0,0.0,1.87502920627594,1.775023341178894,1.725014090538025,1.625005841255188,1.5750080347061157,1.524999976158142
1.0833333333333333,0.003379248082637787,0.00413729902356863,0.004130584187805653,0.004439674783498049,0.004809187259525061,0.004999999422580004,0.0,0.0,0.0,0.0,0.0,0.0,1.8750362396240234,1.7750298976898193,1.725019097328186,1.625008225440979,1.575009822845459,1.524999976158142
1.1,0.0036462314892560244,0.004477985668927431,0.004455185029655695,0.004601211287081242,0.004860245157033205,0.004999999422580004,0.0,0.0,0.0,0.0,0.0,0.0,1.8750433921813965,1.7750359773635864,1.7250237464904785,1.6250108480453491,1.5750116109848022,1.524999976158142
1.1166666666666667,0.003845424624159932,0.004802809562534094,0.004793613217771053,0.00478694774210453,0.004920357372611761,0.004999999422580004,0.0,0.0,0.0,0.0,0.0,0.0,1.8750479221343994,1.7750407457351685,1.725027084350586,1.6250126361846924,1.575013279914856,1.524999976158142
1.1333333333333333,0.003974693361669779,0.005106802098453045,0.0051385643891990185,0.0049908896908164024,0.004987404216080904,0.004999999422580004,0.0,0.0,0.0,0.0,0.0,0.0,1.87505042552948,1.7750439643859863,1.725029706954956,1.6250144243240356,1.5750148296356201,1.524999976158142
1.15,0.004036379512399435,0.005383344367146492,0.005479797255247831,0.005205427762120962,0.005058763083070517,0.004999999422580004,0.0,0.0,0.0,0.0,0.0,0.0,1.8750511407852173,1.7750461101531982,1.7250303030014038,1.6250156164169312,1.575015664100647,1.524999976158142
1.1666666666666667,0.004037176258862019,0.005624629557132721,0.005804605782032013,0.005421662703156471,0.0051314071752130985,0.004999999422580004,0.0,0.0,0.0,0.0,0.0,0.0,1.8750497102737427,1.775046944618225,1.7250311374664307,1.6250156164169312,1.5750163793563843,1.524999976158142
1.1833333333333333,0.00398694071918726,0.0058220489881932735,0.0060983444564044476,0.005629742052406073,0.005202093161642551,0.004999999422580004,0.0,0.0,0.0,0.0,0.0,0.0,1.8750463724136353,1.7750474214553833,1.7250306606292725,1.6250150203704834,1.575016975402832,1.524999976158142
1.2,0.0038976436480879784,0.005967052653431892,0.006345388945192099,0.005819067358970642,0.005267342086881399,0.004999999422580004,0.0,0.0,0.0,0.0,0.0,0.0,1.8750419616699219,1.7750463485717773,1.7250295877456665,1.625014066696167,1.5750172138214111,1.524999976158142
1.2166666666666666,0.0037822439335286617,0.006052365060895681,0.006530569866299629,0.005978541914373636,0.005323449615389109,0.004999999422580004,0.0,0.0,0.0,0.0,0.0,0.0,1.875037670135498,1.775045394897461,1.72502863407135,1.6250131130218506,1.5750174522399902,1.524999976158142
1.2333333333333334,0.003653158899396658,0.006072942167520523,0.006640664301812649,0.006097088102251291,0.005366576369851828,0.004999999422580004,0.0,0.0,0.0,0.0,0.0,0.0,1.8750333786010742,1.7750437259674072,1.7250276803970337,1.6250121593475342,1.5750172138214111,1.524999976158142
1.25,0.0035208365879952908,0.0060269515961408615,0.006666279397904873,0.006164573132991791,0.005392988678067923,0.004999999422580004,0.0,0.0,0.0,0.0,0.0,0.0,1.875029444694519,1.7750416994094849,1.7250266075134277,1.6250112056732178,1.5750170946121216,1.524999976158142
1.2666666666666666,0.0033926190808415413,0.0059166643768548965,0.0066039226949214935,0.006173420697450638,0.0053995512425899506,0.004999999422580004,0.0,0.0,0.0,0.0,0.0,0.0,1.8750265836715698,1.7750393152236938,1.7250250577926636,1.6250101327896118,1.5750161409378052,1.524999976158142
1.2833333333333332,0.0032720372546464205,0.005747967399656773,0.006456407252699137,0.006120184436440468,0.005384586751461029,0.004999999422580004,0.0,0.0,0.0,0.0,0.0,0.0,1.8750247955322266,1.7750368118286133,1.7250241041183472,1.6250100135803223,1.575015664100647,1.524999976158142
1.3,0.003158960724249482,0.00552890682592988,0.006231607403606176,0.006006360985338688,0.005348279606550932,0.004999999422580004,0.0,0.0,0.0,0.0,0.0,0.0,1.8750238418579102,1.7750346660614014,1.7250232696533203,1.6250100135803223,1.575014591217041,1.524999976158142
1.3166666666666667,0.0030505533795803785,0.005268479697406292,0.005941265262663364,0.005838502198457718,0.0052927713841199875,0.004999999422580004,0.0,0.0,0.0,0.0,0.0,0.0,1.8750224113464355,1.7750322818756104,1.7250221967697144,1.6250100135803223,1.575013279914856,1.524999976158142
1.3333333333333333,0.002942384220659733,0.004975388757884502,0.005599244497716427,0.005627255886793137,0.0052218870259821415,0.004999999422580004,0.0,0.0,0.0,0.0,0.0,0.0,1.8750214576721191,1.7750295400619507,1.7250208854675293,1.6250101327896118,1.575011968612671,1.524999976158142
1.35,0.0028295295778661966,0.004656913224607706,0.0052192481234669685,0.005385424010455608,0.005140443332493305,0.004999999422580004,0.0,0.0,0.0,0.0,0.0,0.0,1.8750211000442505,1.7750271558761597,1.7250195741653442,1.6250100135803223,1.5750107765197754,1.524999976158142
1.3666666666666667,0.0027072764933109283,0.0043188133276999,0.004813937470316887,0.005126251373440027,0.005053391680121422,0.004999999422580004,0.0,0.0,0.0,0.0,0.0,0.0,1.875020146369934,1.7750240564346313,1.7250174283981323,1.6250090599060059,1.5750094652175903,1.524999976158142
1.3833333333333333,0.0025714130606502295,0.003965519368648529,0.00439456244930625,0.004862075671553612,0.004965315107256174,0.004999999422580004,0.0,0.0,0.0,0.0,0.0,0.0,1.8750191926956177,1.7750205993652344,1.7250149250030518,1.6250083446502686,1.5750081539154053,1.524999976158142
1.4,0.0024182903580367565,0.003600503783673048,0.003970794379711151,0.004603405948728323,0.0048800124786794186,0.004999999422580004,0.0,0.0,0.0,0.0,0.0,0.0,1.8750169277191162,1.7750165462493896,1.7250113487243652,1.6250066757202148,1.5750069618225098,1.524999976158142
1.4166666666666667,0.0022447879891842604,0.003226830391213298,0.0035510098095983267,0.004358650650829077,0.0048003834672272205,0.004999999422580004,0.0,0.0,0.0,0.0,0.0,0.0,1.875013828277588,1.7750123739242554,1.7250068187713623,1.6250041723251343,1.5750058889389038,1.524999976158142
1.4333333333333333,0.0020482817199081182,0.0028475909493863583,0.0031424977350980043,0.004134082701057196,0.004728472791612148,0.004999999422580004,0.0,0.0,0.0,0.0,0.0,0.0,1.8750107288360596,1.775007724761963,1.725002408027649,1.625001311302185,1.5750049352645874,1.524999976158142
1.45,0.001826738240197301,0.0024662334471940994,0.0027516516856849194,0.003934022970497608,0.004665561951696873,0.004999999422580004,0.0,0.0,0.0,0.0,0.0,0.0,1.8750072717666626,1.7750033140182495,1.7249979972839355,1.6249984502792358,1.575003981590271,1.524999976158142
1.4666666666666666,0.0015789692988619208,0.002086721593514085,0.002383963204920292,0.003761070780456066,0.004612331744283438,0.004999999422580004,0.0,0.0,0.0,0.0,0.0,0.0,1.8750033378601074,1.7749985456466675,1.7249925136566162,1.624996304512024,1.575003743171692,1.524999976158142
1.4833333333333334,0.0013048775726929307,0.0017134937224909663,0.0020440244115889072,0.0036163218319416046,0.004568907897919416,0.004999999422580004,0.0,0.0,0.0,0.0,0.0,0.0,1.8750001192092896,1.774993896484375,1.7249881029129028,1.6249943971633911,1.5750032663345337,1.524999976158142
1.5,0.0010058016050606966,0.001351333106867969,0.0017355020390823483,0.0034995556343346834,0.004534992389380932,0.004999999422580004,0.0,0.0,0.0,0.0,0.0,0.0,1.874996304512024,1.774989366531372,1.7249832153320312,1.6249929666519165,1.5750033855438232,1.524999976158142
1.5166666666666666,0.0006848507327958941,0.0010050861164927483,0.0014609028585255146,0.003409480443224311,0.004509955178946257,0.004999999422580004,0.0,0.0,0.0,0.0,0.0,0.0,1.8749935626983643,1.774985909461975,1.7249799966812134,1.624991536140442,1.575003743171692,1.524999976158142
1.5333333333333332,0.0003471765376161784,0.0006794640212319791,0.0012216779869049788,0.0033438734244555235,0.004492832813411951,0.004999999422580004,0.0,0.0,0.0,0.0,0.0,0.0,1.8749916553497314,1.7749825716018677,1.7249772548675537,1.624990463256836,1.5750041007995605,1.524999976158142
1.55,1.2269902072148398e-07,0.0003787873138207942,0.0010180998360738158,0.0032998251263052225,0.0044825030490756035,0.004999999422580004,0.0,0.0,0.0,0.0,0.0,0.0,1.8749899864196777,1.7749799489974976,1.7249740362167358,1.6249905824661255,1.5750048160552979,1.524999976158142
1.5666666666666667,-0.00034667178988456726,0.00010699639824451879,0.0008494333014823496,0.003273856360465288,0.004477599170058966,0.004999999422580004,0.0,0.0,0.0,0.0,0.0,0.0,1.8749887943267822,1.7749789953231812,1.7249730825424194,1.6249914169311523,1.575006127357483,1.524999976158142
1.5833333333333333,-0.0006813231157138944,-0.00013230911281425506,0.0007141093374229968,0.0032621321734040976,0.004476721864193678,0.004999999422580004,0.0,0.0,0.0,0.0,0.0,0.0,1.8749886751174927,1.774978518486023,1.7249726057052612,1.6249924898147583,1.5750073194503784,1.524999976158142
1.6,-0.0009899565484374762,-0.0003358394023962319,0.0006096423021517694,0.003260623663663864,0.00447847181931138,0.004999999422580004,0.0,0.0,0.0,0.0,0.0,0.0,1.8749895095825195,1.7749789953231812,1.7249729633331299,1.624994158744812,1.5750089883804321,1.524999976158142
1.6166666666666667,-0.001257435418665409,-0.0005005879793316126,0.0005329406121745706,0.003265355248004198,0.004481574986129999,0.004999999422580004,0.0,0.0,0.0,0.0,0.0,0.0,1.8749908208847046,1.774979591369629,1.7249743938446045,1.6249953508377075,1.5750106573104858,1.524999976158142
1.6333333333333333,-0.0014686316717416048,-0.0006238985224626958,0.0004805568605661392,0.0032726055942475796,0.004484910052269697,0.004999999422580004,0.0,0.0,0.0,0.0,0.0,0.0,1.8749922513961792,1.7749804258346558,1.7249754667282104,1.6249970197677612,1.57501220703125,1.524999976158142
1.65,-0.0016103676753118634,-0.0007036141469143331,0.0004493216401897371,0.003279297612607479,0.004487615078687668,0.004999999422580004,0.0,0.0,0.0,0.0,0.0,0.0,1.8749933242797852,1.7749816179275513,1.724976658821106,1.6249982118606567,1.5750131607055664,1.524999976158142
1.6666666666666667,-0.001673492370173335,-0.0007381907780654728,0.0004369879316072911,0.0032832738943398,0.004489081911742687,0.004999999422580004,0.0,0.0,0.0,0.0,0.0,0.0,1.8749945163726807,1.7749823331832886,1.7249773740768433,1.6249992847442627,1.5750139951705933,1.524999976158142
1.6833333333333333,-0.0016544910613447428,-0.0007268034387379885,0.0004428384418133646,0.003283614991232753,0.004489031154662371,0.004999999422580004,0.0,0.0,0.0,0.0,0.0,0.0,1.8749938011169434,1.7749824523925781,1.7249770164489746,1.6249990463256836,1.5750139951705933,1.524999976158142
1.7,-0.0015560960164293647,-0.0006695040501654148,0.00046779404510743916,0.00328083080239594,0.004487575963139534,0.004999999422580004,0.0,0.0,0.0,0.0,0.0,0.0,1.8749934434890747,1.7749818563461304,1.7249765396118164,1.6249983310699463,1.5750131607055664,1.524999976158142
1.7166666666666666,-0.0013866766821593046,-0.0005673254490830004,0.0005141212022863328,0.0032768850214779377,0.00448528490960598,0.004999999422580004,0.0,0.0,0.0,0.0,0.0,0.0,1.8749924898147583,1.7749807834625244,1.7249754667282104,1.6249971389770508,1.575011968612671,1.524999976158142
1.7333333333333334,-0.001158556784503162,-0.00042232783744111657,0.0005847886786796153,0.003274953458458185,0.004483126103878021,0.004999999422580004,0.0,0.0,0.0,0.0,0.0,0.0,1.8749912977218628,1.774979591369629,1.724974274635315,1.6249958276748657,1.5750106573104858,1.524999976158142
1.75,-0.0008859792724251747,-0.0002375023759668693,0.0006827853503637016,0.003278968622907996,0.0044823819771409035,0.004999999422580004,0.0,0.0,0.0,0.0,0.0,0.0,1.8749899864196777,1.7749791145324707,1.7249737977981567,1.6249945163726807,1.5750093460083008,1.524999976158142
1.7666666666666666,-0.0005833304603584111,-1.661178976064548e-05,0.0008105587912723422,0.003293136600404978,0.004484484903514385,0.004999999422580004,0.0,0.0,0.0,0.0,0.0,0.0,1.8749891519546509,1.7749792337417603,1.7249739170074463,1.624993085861206,1.575007677078247,1.524999976158142
1.7833333333333332,-0.000263700436335057,0.00023620942374691367,0.0009698095382191241,0.003321348922327161,0.004490750841796398,0.004999999422580004,0.0,0.0,0.0,0.0,0.0,0.0,1.8749889135360718,1.7749797105789185,1.7249741554260254,1.6249918937683105,1.575006365776062,1.524999976158142
1.8,6.176198803586885e-05,0.0005166092305444181,0.001161270192824304,0.003366919932886958,0.004502413794398308,0.004999999422580004,0.0,0.0,0.0,0.0,0.0,0.0,1.8749898672103882,1.7749816179275513,1.7249764204025269,1.6249918937683105,1.575005054473877,1.524999976158142
1.8166666666666667,0.00038405079976655543,0.000820145127363503,0.0013846344081684947,0.0034323884174227715,0.004520441871136427,0.004999999422580004,0.0,0.0,0.0,0.0,0.0,0.0,1.874991536140442,1.7749842405319214,1.724979281425476,1.6249920129776,1.575003981590271,1.524999976158142
1.8333333333333333,0.0006963654304854572,0.0011425253469496965,0.0016386867500841618,0.0035192749928683043,0.004545453004539013,0.004999999422580004,0.0,0.0,0.0,0.0,0.0,0.0,1.874993920326233,1.7749873399734497,1.7249820232391357,1.6249927282333374,1.5750036239624023,1.524999976158142
1.8499999999999999,0.000993884983472526,0.001479725237004459,0.0019214606145396829,0.003628083039075136,0.00457767816260457,0.004999999422580004,0.0,0.0,0.0,0.0,0.0,0.0,1.8749970197677612,1.7749909162521362,1.7249864339828491,1.6249940395355225,1.5750036239624023,1.524999976158142
1.8666666666666667,0.0012735046911984682,0.0018279957585036755,0.0022302488796412945,0.0037583443336188793,0.004617066588252783,0.004999999422580004,0.0,0.0,0.0,0.0,0.0,0.0,1.8749998807907104,1.77499520778656,1.724990725517273,1.6249958276748657,1.575003743171692,1.524999976158142
1.8833333333333333,0.0015336057404056191,0.0021837670356035233,0.0025614965707063675,0.0039086975157260895,0.004663283005356789,0.004999999422580004,0.0,0.0,0.0,0.0,0.0,0.0,1.8750033378601074,1.7749994993209839,1.7249953746795654,1.624997615814209,1.575003981590271,1.524999976158142
1.9,0.0017737488960847259,0.002543695503845811,0.002911090152338147,0.004076871555298567,0.004715596325695515,0.004999999422580004,0.0,0.0,0.0,0.0,0.0,0.0,1.8750067949295044,1.7750039100646973,1.7249996662139893,1.6249995231628418,1.5750043392181396,1.524999976158142
1.9166666666666667,0.001994380261749029,0.0029045958071947098,0.0032744703348726034,0.004259808920323849,0.004773002117872238,0.004999999422580004,0.0,0.0,0.0,0.0,0.0,0.0,1.8750100135803223,1.775008201599121,1.7250038385391235,1.6250015497207642,1.575005054473877,1.524999976158142
1.9333333333333333,0.0021966153290122747,0.003263299586251378,0.0036465188022702932,0.004453813657164574,0.00483429292216897,0.004999999422580004,0.0,0.0,0.0,0.0,0.0,0.0,1.875012993812561,1.7750123739242554,1.7250076532363892,1.625003695487976,1.5750057697296143,1.524999976158142
1.95,0.0023820274509489536,0.003616450587287545,0.0040214778855443,0.004654626362025738,0.004898098297417164,0.004999999422580004,0.0,0.0,0.0,0.0,0.0,0.0,1.8750156164169312,1.7750163078308105,1.725010871887207,1.6250056028366089,1.5750066041946411,1.524999976158142
1.9666666666666666,0.00255258334800601,0.0039603314362466335,0.004392838105559349,0.004857518710196018,0.004962910432368517,0.004999999422580004,0.0,0.0,0.0,0.0,0.0,0.0,1.8750181198120117,1.7750202417373657,1.725014567375183,1.6250072717666626,1.575007438659668,1.524999976158142
1.9833333333333334,0.002710457192733884,0.004290640354156494,0.004753253422677517,0.0050572860054671764,0.005027066450566053,0.004999999422580004,0.0,0.0,0.0,0.0,0.0,0.0,1.8750195503234863,1.7750235795974731,1.7250169515609741,1.6250089406967163,1.5750091075897217,1.524999976158142
2.0,0.0028578080236911774,0.0046023158356547356,0.005094496998935938,0.005248275585472584,0.005088767036795616,0.004999999422580004,0.0,0.0,0.0,0.0,0.0,0.0,1.8750218152999878,1.7750270366668701,1.7250196933746338,1.6250097751617432,1.575010061264038,1.524999976158142
