t,leader_q1_target,leader_ee_x,leader_ee_y,leader_ee_z,follower_ee_x,follower_ee_y,follower_ee_z,mid_x,mid_y,mid_z,cable_span,cable_sag
0.016667,-0.011645,-0.271166,-0.023903,0.843349,0.272497,0.015811,0.843953,0.007182,-0.000845,0.823156,0.545112,-0.020495
0.033333,-0.011645,-0.261308,-0.023362,0.847259,0.266129,0.020049,0.848672,0.005953,0.001368,0.832337,0.529222,-0.015628
0.050000,-0.011645,-0.257381,-0.018919,0.846670,0.265139,0.017862,0.848556,0.003988,-0.003348,0.804700,0.523816,-0.042913
0.066667,-0.011645,-0.254548,-0.015766,0.846309,0.263894,0.015331,0.848392,0.006070,-0.004463,0.774348,0.519377,-0.073002
0.083333,-0.011645,-0.252568,-0.013518,0.846119,0.262566,0.013132,0.848208,0.007122,0.000251,0.747826,0.515827,-0.099337
0.100000,-0.011645,-0.251042,-0.011951,0.846147,0.261195,0.011332,0.848015,0.009346,0.001753,0.726388,0.512769,-0.120693
0.116667,-0.011645,-0.250267,-0.010773,0.846011,0.259783,0.009880,0.847820,0.011252,0.004148,0.713576,0.510471,-0.133339
0.133333,-0.011645,-0.249816,-0.009901,0.845886,0.258343,0.008719,0.847630,0.010890,0.006013,0.711236,0.508503,-0.135522
0.150000,-0.011645,-0.248691,-0.009314,0.846347,0.256898,0.007786,0.847450,0.009948,0.005593,0.709779,0.505880,-0.137119
0.166667,-0.011645,-0.247668,-0.008870,0.846818,0.255601,0.007035,0.847191,0.009421,0.005080,0.706565,0.503520,-0.140439
0.183333,-0.011645,-0.247027,-0.008572,0.847114,0.254383,0.006437,0.846913,0.008605,0.005494,0.702799,0.501635,-0.144214
0.200000,-0.011645,-0.246659,-0.008348,0.847272,0.253221,0.005962,0.846643,0.007810,0.005659,0.703225,0.500085,-0.143732
0.216667,-0.011645,-0.246083,-0.008194,0.847601,0.252128,0.005581,0.846388,0.007265,0.005386,0.702966,0.498404,-0.144028
0.233333,-0.011645,-0.245269,-0.008088,0.848102,0.251114,0.005275,0.846148,0.006995,0.004511,0.701698,0.496567,-0.145427
0.250000,-0.011645,-0.244801,-0.008005,0.848383,0.250191,0.005030,0.845930,0.006863,0.003199,0.699709,0.495169,-0.147447
0.266667,-0.011645,-0.244198,-0.007967,0.848777,0.249364,0.004832,0.845736,0.006737,0.002371,0.697054,0.493737,-0.150202
0.283333,-0.011645,-0.243360,-0.007943,0.849330,0.248639,0.004672,0.845566,0.006606,0.002095,0.696058,0.492176,-0.151390
0.300000,-0.011645,-0.243006,-0.007906,0.849554,0.248018,0.004543,0.845422,0.006502,0.001916,0.696261,0.491199,-0.151227
0.316667,-0.011645,-0.242661,-0.007895,0.849785,0.247502,0.004436,0.845305,0.006427,0.001630,0.696257,0.490338,-0.151288
0.333333,-0.011645,-0.242223,-0.007887,0.850084,0.247086,0.004349,0.845214,0.006317,0.001325,0.695969,0.489486,-0.151680
0.350000,-0.011645,-0.241507,-0.007905,0.850580,0.246767,0.004277,0.845148,0.006244,0.001136,0.695212,0.488457,-0.152652
0.366667,-0.011645,-0.239986,-0.007956,0.851642,0.246540,0.004218,0.845107,0.006224,0.001106,0.694357,0.486722,-0.154017
0.383333,-0.011645,-0.237843,-0.008039,0.853162,0.246399,0.004168,0.845088,0.006237,0.001088,0.693900,0.484463,-0.155225
0.400000,-0.011645,-0.235568,-0.007928,0.854790,0.246334,0.004126,0.845089,0.006396,0.000958,0.693562,0.482151,-0.156378
0.416667,-0.011645,-0.233007,-0.007623,0.856661,0.246338,0.004089,0.845108,0.006712,0.000682,0.693260,0.479628,-0.157625
0.433333,-0.011645,-0.230659,-0.007162,0.858413,0.246402,0.004058,0.845143,0.007188,0.000351,0.692853,0.477377,-0.158925
0.450000,-0.011645,-0.228679,-0.006798,0.859938,0.246516,0.004030,0.845191,0.007818,0.000036,0.692398,0.475548,-0.160166
0.466667,-0.011645,-0.227292,-0.006316,0.861003,0.246673,0.004005,0.845249,0.008575,-0.000173,0.692050,0.474339,-0.161076
0.483333,-0.011645,-0.226083,-0.005895,0.861964,0.246862,0.003984,0.845315,0.009303,-0.000364,0.691992,0.473341,-0.161647
0.500000,-0.011645,-0.225576,-0.005830,0.862394,0.247076,0.003964,0.845388,0.010024,-0.000538,0.691987,0.473060,-0.161904
0.516667,-0.011645,-0.225305,-0.006086,0.862657,0.247307,0.003946,0.845463,0.010632,-0.000630,0.692104,0.473031,-0.161956
0.533333,-0.011645,-0.225044,-0.006213,0.862894,0.247548,0.003931,0.845541,0.011080,-0.000595,0.692259,0.473020,-0.161959
0.550000,-0.011645,-0.224804,-0.006243,0.863103,0.247792,0.003917,0.845618,0.011382,-0.000573,0.692377,0.473028,-0.161984
0.566667,-0.011645,-0.224589,-0.006214,0.863284,0.248033,0.003904,0.845694,0.011570,-0.000614,0.692484,0.473057,-0.162005
0.583333,-0.011645,-0.224400,-0.006154,0.863440,0.248265,0.003894,0.845766,0.011668,-0.000697,0.692620,0.473103,-0.161983
0.600000,-0.011645,-0.224237,-0.006079,0.863572,0.248485,0.003884,0.845834,0.011712,-0.000756,0.692778,0.473160,-0.161926
0.616667,-0.011645,-0.224097,-0.005999,0.863685,0.248689,0.003876,0.845898,0.011740,-0.000782,0.692947,0.473224,-0.161844
0.633333,-0.011645,-0.223986,-0.005929,0.863773,0.248875,0.003870,0.845955,0.011771,-0.000800,0.693087,0.473298,-0.161777
0.650000,-0.011645,-0.223927,-0.005898,0.863821,0.249039,0.003864,0.846006,0.011818,-0.000837,0.693198,0.473403,-0.161716
0.666667,-0.011645,-0.223896,-0.005891,0.863847,0.249182,0.003860,0.846051,0.011886,-0.000882,0.693284,0.473513,-0.161665
0.683333,-0.011645,-0.223874,-0.005887,0.863864,0.249303,0.003856,0.846088,0.011968,-0.000915,0.693362,0.473611,-0.161614
0.700000,-0.011645,-0.223858,-0.005884,0.863877,0.249400,0.003854,0.846120,0.012055,-0.000931,0.693429,0.473692,-0.161569
0.716667,-0.011645,-0.223847,-0.005882,0.863886,0.249476,0.003852,0.846145,0.012144,-0.000939,0.693478,0.473756,-0.161537
0.733333,-0.011645,-0.223838,-0.005880,0.863892,0.249531,0.003851,0.846164,0.012225,-0.000948,0.693500,0.473801,-0.161528
0.750000,-0.011645,-0.223833,-0.005879,0.863897,0.249565,0.003850,0.846177,0.012289,-0.000959,0.693502,0.473830,-0.161535
0.766667,-0.011645,-0.223828,-0.005878,0.863900,0.249582,0.003851,0.846185,0.012330,-0.000967,0.693500,0.473841,-0.161543
0.783333,-0.011645,-0.223825,-0.005877,0.863903,0.249581,0.003851,0.846188,0.012349,-0.000970,0.693493,0.473837,-0.161553
0.800000,-0.011645,-0.223822,-0.005876,0.863905,0.249567,0.003852,0.846187,0.012353,-0.000972,0.693481,0.473821,-0.161564
0.816667,-0.011645,-0.223821,-0.005876,0.863906,0.249539,0.003853,0.846182,0.012342,-0.000975,0.693475,0.473792,-0.161569
0.833333,-0.011645,-0.223819,-0.005876,0.863907,0.249501,0.003854,0.846174,0.012319,-0.000981,0.693441,0.473752,-0.161600
0.850000,-0.011645,-0.223818,-0.005876,0.863908,0.249454,0.003856,0.846164,0.012289,-0.000988,0.693403,0.473705,-0.161633
0.866667,-0.011645,-0.223818,-0.005875,0.863908,0.249401,0.003858,0.846152,0.012251,-0.000994,0.693369,0.473652,-0.161661
0.883333,-0.011645,-0.223817,-0.005875,0.863908,0.249343,0.003860,0.846138,0.012208,-0.000999,0.693330,0.473594,-0.161694
0.900000,-0.011645,-0.223817,-0.005875,0.863909,0.249282,0.003861,0.846123,0.012162,-0.001003,0.693298,0.473533,-0.161718
0.916667,-0.011645,-0.223817,-0.005875,0.863909,0.249220,0.003863,0.846108,0.012116,-0.001007,0.693254,0.473472,-0.161755
0.933333,-0.011645,-0.223817,-0.005876,0.863909,0.249158,0.003864,0.846093,0.012073,-0.001011,0.693211,0.473410,-0.161790
0.950000,-0.011645,-0.223817,-0.005876,0.863909,0.249097,0.003866,0.846078,0.012029,-0.001014,0.693165,0.473350,-0.161828
0.966667,-0.011645,-0.223817,-0.005876,0.863909,0.249039,0.003867,0.846064,0.011990,-0.001016,0.693129,0.473293,-0.161858
0.983333,-0.011645,-0.223817,-0.005875,0.863909,0.248985,0.003868,0.846051,0.011954,-0.001017,0.693097,0.473239,-0.161884
1.000000,-0.011645,-0.223817,-0.005875,0.863909,0.248935,0.003869,0.846039,0.011922,-0.001018,0.693066,0.473189,-0.161908
1.016667,0.011908,-0.223067,-0.005823,0.863674,0.248889,0.003870,0.846028,0.012241,-0.001011,0.692621,0.472386,-0.162230
1.033333,0.043222,-0.218729,-0.005753,0.862255,0.248849,0.003870,0.846018,0.013979,-0.000984,0.690084,0.467959,-0.164053
1.050000,0.074320,-0.210587,-0.005742,0.859529,0.248809,0.003868,0.846008,0.016447,-0.000937,0.685164,0.459696,-0.167605
1.066667,0.105078,-0.199688,-0.005717,0.855666,0.248773,0.003867,0.846000,0.019766,-0.000840,0.678886,0.448668,-0.171947
1.083333,0.135375,-0.187049,-0.005717,0.850870,0.248740,0.003866,0.845992,0.023989,-0.000703,0.671344,0.435921,-0.177086
1.100000,0.165093,-0.173427,-0.005717,0.845310,0.248711,0.003866,0.845985,0.029185,-0.000535,0.663755,0.422247,-0.181893
1.116667,0.194112,-0.159353,-0.005710,0.839129,0.248687,0.003866,0.845979,0.035262,-0.000349,0.656261,0.408210,-0.186293
1.133333,0.222320,-0.145199,-0.005695,0.832442,0.248667,0.003866,0.845975,0.042192,-0.000137,0.648881,0.394214,-0.190328
1.150000,0.249604,-0.131218,-0.005680,0.825352,0.248653,0.003867,0.845972,0.049925,0.000101,0.641492,0.380550,-0.194170
1.166667,0.275858,-0.117594,-0.005667,0.817957,0.248642,0.003867,0.845970,0.058368,0.000369,0.634017,0.367430,-0.197946
1.183333,0.300976,-0.104451,-0.005661,0.810346,0.248637,0.003867,0.845968,0.067427,0.000666,0.626602,0.355008,-0.201555
1.200000,0.324861,-0.091882,-0.005661,0.802607,0.248634,0.003867,0.845969,0.076928,0.000980,0.619453,0.343398,-0.204835
1.216667,0.347418,-0.079951,-0.005665,0.794826,0.248635,0.003867,0.845970,0.086731,0.001305,0.612769,0.332680,-0.207629
1.233333,0.368558,-0.068706,-0.005671,0.787087,0.248639,0.003866,0.845971,0.096714,0.001639,0.606613,0.322903,-0.209916
1.250000,0.388197,-0.058182,-0.005677,0.779470,0.248645,0.003866,0.845974,0.106782,0.001978,0.600990,0.314096,-0.211732
1.266667,0.406259,-0.048403,-0.005681,0.772052,0.248653,0.003866,0.845976,0.116857,0.002320,0.595862,0.306265,-0.213152
1.283333,0.422671,-0.039388,-0.005681,0.764911,0.248662,0.003865,0.845980,0.126869,0.002663,0.591222,0.299393,-0.214223
1.300000,0.437369,-0.031155,-0.005686,0.758116,0.248673,0.003865,0.845983,0.136744,0.003001,0.587084,0.293454,-0.214966
1.316667,0.450295,-0.023711,-0.005692,0.751736,0.248684,0.003865,0.845986,0.146398,0.003331,0.583478,0.288398,-0.215383
1.333333,0.461398,-0.017053,-0.005696,0.745835,0.248696,0.003864,0.845990,0.155747,0.003649,0.580425,0.284156,-0.215488
1.350000,0.470634,-0.011180,-0.005701,0.740472,0.248708,0.003864,0.845993,0.164709,0.003951,0.577920,0.280657,-0.215313
1.366667,0.477966,-0.006081,-0.005706,0.735701,0.248720,0.003864,0.845997,0.173205,0.004228,0.575936,0.277814,-0.214913
1.383333,0.483367,-0.001724,-0.005712,0.731578,0.248731,0.003864,0.846000,0.181152,0.004478,0.574439,0.275521,-0.214350
1.400000,0.486814,0.001801,-0.005699,0.728116,0.248743,0.003863,0.846004,0.188477,0.004697,0.573384,0.273805,-0.213676
1.416667,0.488293,0.004574,-0.005689,0.725371,0.248753,0.003862,0.846007,0.195087,0.004875,0.572755,0.272521,-0.212934
1.433333,0.487800,0.006589,-0.005682,0.723367,0.248763,0.003862,0.846010,0.200893,0.005008,0.572519,0.271626,-0.212170
1.450000,0.485336,0.007839,-0.005677,0.722120,0.248771,0.003861,0.846013,0.205820,0.005095,0.572644,0.271088,-0.211422
1.466667,0.480910,0.008332,-0.005669,0.721645,0.248779,0.003861,0.846015,0.209802,0.005136,0.573091,0.270876,-0.210739
1.483333,0.474540,0.008069,-0.005658,0.721946,0.248785,0.003860,0.846017,0.212782,0.005124,0.573824,0.270977,-0.210158
1.500000,0.466252,0.007049,-0.005646,0.723020,0.248791,0.003860,0.846019,0.214713,0.005059,0.574807,0.271401,-0.209713
1.516667,0.456077,0.005269,-0.005632,0.724858,0.248796,0.003859,0.846021,0.215562,0.004941,0.576018,0.272168,-0.209421
1.533333,0.444057,0.002725,-0.005619,0.727442,0.248799,0.003858,0.846022,0.215298,0.004772,0.577443,0.273320,-0.209289
1.550000,0.430238,-0.000588,-0.005605,0.730747,0.248800,0.003858,0.846023,0.213905,0.004557,0.579082,0.274905,-0.209303
1.566667,0.414675,-0.004677,-0.005591,0.734741,0.248800,0.003857,0.846023,0.211368,0.004297,0.580940,0.276990,-0.209442
1.583333,0.397430,-0.009545,-0.005579,0.739386,0.248798,0.003856,0.846023,0.207692,0.003997,0.583034,0.279646,-0.209670
1.600000,0.378570,-0.015198,-0.005566,0.744636,0.248796,0.003855,0.846022,0.202889,0.003659,0.585381,0.282950,-0.209949
1.616667,0.358171,-0.021639,-0.005552,0.750441,0.248791,0.003854,0.846022,0.196981,0.003289,0.588008,0.286979,-0.210223
1.633333,0.336311,-0.028869,-0.005538,0.756743,0.248786,0.003853,0.846021,0.190005,0.002893,0.590950,0.291807,-0.210432
1.650000,0.313079,-0.036887,-0.005524,0.763482,0.248781,0.003853,0.846020,0.182005,0.002476,0.594244,0.297500,-0.210507
1.666667,0.288565,-0.045697,-0.005515,0.770588,0.248774,0.003852,0.846018,0.173039,0.002045,0.597929,0.304123,-0.210374
1.683333,0.262866,-0.055298,-0.005513,0.777991,0.248767,0.003852,0.846016,0.163179,0.001606,0.602042,0.311723,-0.209961
1.700000,0.236084,-0.065674,-0.005515,0.785617,0.248760,0.003851,0.846015,0.152510,0.001166,0.606622,0.320320,-0.209194
1.716667,0.208325,-0.076805,-0.005521,0.793395,0.248753,0.003851,0.846013,0.141134,0.000729,0.611693,0.329916,-0.208011
1.733333,0.179697,-0.088667,-0.005530,0.801246,0.248747,0.003851,0.846012,0.129160,0.000301,0.617277,0.340500,-0.206352
1.750000,0.150314,-0.101235,-0.005546,0.809096,0.248742,0.003851,0.846011,0.116714,-0.000113,0.623394,0.352044,-0.204159
1.766667,0.120292,-0.114473,-0.005566,0.816870,0.248738,0.003852,0.846010,0.103929,-0.000507,0.630067,0.364500,-0.201373
1.783333,0.089749,-0.128336,-0.005590,0.824495,0.248736,0.003852,0.846010,0.090951,-0.000876,0.637313,0.377803,-0.197940
1.800000,0.058806,-0.142777,-0.005617,0.831903,0.248736,0.003853,0.846010,0.077923,-0.001216,0.645153,0.391881,-0.193803
1.816667,0.027585,-0.157740,-0.005645,0.839030,0.248737,0.003854,0.846011,0.064999,-0.001523,0.653605,0.406648,-0.188915
1.833333,-0.003791,-0.173164,-0.005675,0.845815,0.248740,0.003855,0.846012,0.052314,-0.001795,0.662696,0.422012,-0.183217
1.850000,-0.035198,-0.188983,-0.005702,0.852207,0.248747,0.003857,0.846013,0.040000,-0.002026,0.672458,0.437878,-0.176652
1.866667,-0.066512,-0.205128,-0.005722,0.858158,0.248755,0.003859,0.846016,0.028162,-0.002215,0.682935,0.454146,-0.169152
1.883333,-0.097609,-0.221524,-0.005728,0.863631,0.248765,0.003861,0.846018,0.016884,-0.002360,0.694173,0.470717,-0.160651
1.900000,-0.128368,-0.238096,-0.005714,0.868596,0.248779,0.003863,0.846022,0.006212,-0.002461,0.706252,0.487491,-0.151058
1.916667,-0.158665,-0.254758,-0.005681,0.873033,0.248794,0.003865,0.846026,-0.003824,-0.002514,0.719259,0.504366,-0.140271
1.933333,-0.188382,-0.271425,-0.005636,0.876927,0.248811,0.003868,0.846030,-0.013227,-0.002515,0.733339,0.521239,-0.128139
1.950000,-0.217402,-0.288010,-0.005590,0.880270,0.248831,0.003870,0.846035,-0.022002,-0.002456,0.748710,0.538014,-0.114443
1.966667,-0.245610,-0.304430,-0.005554,0.883065,0.248853,0.003874,0.846041,-0.030159,-0.002329,0.765684,0.554601,-0.098869
1.983333,-0.272894,-0.320599,-0.005527,0.885325,0.248880,0.003879,0.846048,-0.037680,-0.002125,0.784685,0.570909,-0.081002
2.000000,-0.299148,-0.336434,-0.005512,0.887071,0.248913,0.003886,0.846056,-0.044513,-0.001835,0.806176,0.586857,-0.060388
2.016667,-0.324266,-0.351856,-0.005506,0.888332,0.248957,0.003898,0.846066,-0.050591,-0.001450,0.830240,0.602370,-0.036959
2.033333,-0.348151,-0.366786,-0.005509,0.889142,0.249019,0.003918,0.846081,-0.056014,-0.000996,0.855140,0.617380,-0.012471
2.050000,-0.370708,-0.381148,-0.005516,0.889543,0.249113,0.003955,0.846102,-0.061350,-0.000587,0.874814,0.631827,0.006992
2.066667,-0.391848,-0.394871,-0.005525,0.889579,0.249258,0.004014,0.846134,-0.067345,-0.000414,0.880196,0.645663,0.012340
2.083333,-0.411487,-0.407891,-0.005536,0.889301,0.249472,0.004097,0.846183,-0.073962,-0.000529,0.870315,0.658847,0.002573
2.100000,-0.429549,-0.420160,-0.005549,0.888760,0.249769,0.004198,0.846251,-0.080215,-0.000705,0.858531,0.671347,-0.008975
2.116667,-0.445961,-0.431628,-0.005561,0.888007,0.250164,0.004311,0.846345,-0.085259,-0.000671,0.858356,0.683135,-0.008820
2.133333,-0.460659,-0.442250,-0.005574,0.887096,0.250663,0.004432,0.846466,-0.089394,-0.000461,0.866237,0.694176,-0.000544
2.150000,-0.473585,-0.451982,-0.005588,0.886078,0.251267,0.004553,0.846613,-0.093372,-0.000331,0.868715,0.704429,0.002370
2.166667,-0.484688,-0.460789,-0.005603,0.885003,0.251969,0.004672,0.846783,-0.097254,-0.000351,0.863675,0.713856,-0.002218
2.183333,-0.493924,-0.468643,-0.005622,0.883917,0.252764,0.004787,0.846978,-0.100490,-0.000351,0.860797,0.722428,-0.004650
2.200000,-0.501256,-0.475520,-0.005648,0.882864,0.253645,0.004896,0.847193,-0.102955,-0.000256,0.863215,0.730113,-0.001813
2.216667,-0.506657,-0.481390,-0.005677,0.881891,0.254600,0.004998,0.847426,-0.104966,-0.000180,0.864483,0.736874,-0.000175
2.233333,-0.510104,-0.486236,-0.005704,0.881037,0.255614,0.005091,0.847671,-0.106610,-0.000174,0.862422,0.742678,-0.001932
2.250000,-0.511583,-0.490042,-0.005731,0.880330,0.256672,0.005173,0.847926,-0.107685,-0.000159,0.861408,0.747496,-0.002720
2.266667,-0.511090,-0.492800,-0.005757,0.879794,0.257758,0.005246,0.848185,-0.108163,-0.000110,0.862493,0.751304,-0.001496
2.283333,-0.508625,-0.494501,-0.005783,0.879447,0.258854,0.005308,0.848445,-0.108171,-0.000081,0.862791,0.754074,-0.001156
2.300000,-0.504200,-0.495139,-0.005811,0.879301,0.259942,0.005359,0.848701,-0.107721,-0.000079,0.862081,0.755783,-0.001919
2.316667,-0.497830,-0.494715,-0.005839,0.879358,0.261003,0.005400,0.848949,-0.106754,-0.000072,0.862187,0.756414,-0.001966
2.333333,-0.489541,-0.493230,-0.005869,0.879616,0.262022,0.005430,0.849183,-0.105283,-0.000060,0.862906,0.755949,-0.001494
2.350000,-0.479367,-0.490688,-0.005901,0.880065,0.262979,0.005449,0.849403,-0.103366,-0.000064,0.863165,0.754376,-0.001569
2.366667,-0.467347,-0.487096,-0.005935,0.880690,0.263860,0.005458,0.849602,-0.101001,-0.000079,0.863273,0.751686,-0.001873
2.383333,-0.453528,-0.482467,-0.005971,0.881466,0.264648,0.005458,0.849778,-0.098181,-0.000093,0.863793,0.747873,-0.001829
2.400000,-0.437965,-0.476816,-0.006008,0.882357,0.265330,0.005447,0.849929,-0.094930,-0.000112,0.864421,0.742942,-0.001722
2.416667,-0.420720,-0.470155,-0.006039,0.883347,0.265893,0.005428,0.850052,-0.091272,-0.000137,0.864846,0.736890,-0.001854
2.433333,-0.401860,-0.462510,-0.006070,0.884386,0.266327,0.005398,0.850145,-0.087222,-0.000164,0.865243,0.729731,-0.002022
2.450000,-0.381460,-0.453906,-0.006100,0.885431,0.266623,0.005360,0.850206,-0.082787,-0.000194,0.865741,0.721481,-0.002078
2.466667,-0.359601,-0.444378,-0.006115,0.886426,0.266773,0.005313,0.850235,-0.077994,-0.000228,0.866200,0.712163,-0.002130
2.483333,-0.336369,-0.433947,-0.006127,0.887353,0.266771,0.005256,0.850229,-0.072858,-0.000256,0.866495,0.701793,-0.002296
2.500000,-0.311855,-0.422672,-0.006134,0.888118,0.266614,0.005191,0.850189,-0.067420,-0.000287,0.866664,0.690422,-0.002490
2.516667,-0.286156,-0.410583,-0.006142,0.888702,0.266299,0.005117,0.850113,-0.061675,-0.000324,0.866699,0.678075,-0.002708
2.533333,-0.259374,-0.397741,-0.006156,0.889031,0.265826,0.005035,0.850001,-0.055677,-0.000368,0.866538,0.664808,-0.002979
2.550000,-0.231615,-0.384207,-0.006175,0.889052,0.265194,0.004943,0.849854,-0.049444,-0.000420,0.866074,0.650678,-0.003379
2.566667,-0.202987,-0.370036,-0.006196,0.888721,0.264407,0.004842,0.849671,-0.043015,-0.000476,0.865175,0.635740,-0.004021
2.583333,-0.173604,-0.355295,-0.006215,0.887996,0.263469,0.004732,0.849452,-0.036431,-0.000529,0.863634,0.620060,-0.005090
2.600000,-0.143581,-0.340050,-0.006230,0.886838,0.262383,0.004614,0.849199,-0.029746,-0.000543,0.861004,0.603706,-0.007014
2.616667,-0.113039,-0.324378,-0.006242,0.885210,0.261156,0.004486,0.848911,-0.023036,-0.000499,0.856559,0.586757,-0.010502
2.633333,-0.082096,-0.308357,-0.006251,0.883082,0.259796,0.004349,0.848590,-0.016319,-0.000358,0.850365,0.569298,-0.015471
2.650000,-0.050874,-0.292065,-0.006258,0.880430,0.258312,0.004206,0.848236,-0.011607,-0.000485,0.857672,0.551417,-0.006660
2.666667,-0.019499,-0.275573,-0.006259,0.877232,0.256788,0.004124,0.847861,-0.006757,-0.000641,0.830940,0.533271,-0.031606
2.683333,0.011908,-0.258966,-0.006260,0.873483,0.255249,0.004060,0.847479,-0.002405,-0.000028,0.803168,0.514976,-0.057314
2.700000,0.043222,-0.242340,-0.006256,0.869185,0.253747,0.004032,0.847100,0.004269,0.000745,0.763462,0.496684,-0.094681
2.716667,0.074320,-0.225778,-0.006243,0.864351,0.252313,0.004017,0.846734,0.010963,0.002027,0.714961,0.478525,-0.140581
2.733333,0.105078,-0.209362,-0.006209,0.859002,0.250968,0.004011,0.846388,0.018800,0.003779,0.671276,0.460616,-0.181419
2.750000,0.135375,-0.193170,-0.006150,0.853168,0.249750,0.004022,0.846072,0.029019,0.004836,0.664941,0.443093,-0.184678
2.766667,0.165093,-0.177280,-0.006075,0.846888,0.248661,0.004027,0.845788,0.034713,0.005526,0.653707,0.426062,-0.192631
2.783333,0.194112,-0.161769,-0.005993,0.840206,0.247704,0.004029,0.845537,0.039026,0.005181,0.652942,0.409630,-0.189929
2.800000,0.222320,-0.146710,-0.005915,0.833174,0.246892,0.004036,0.845325,0.045380,0.004769,0.654098,0.393915,-0.185152
2.816667,0.249604,-0.132164,-0.005848,0.825848,0.246220,0.004035,0.845151,0.052186,0.005063,0.645305,0.379005,-0.190195
2.833333,0.275858,-0.118184,-0.005797,0.818291,0.245685,0.004031,0.845013,0.059799,0.005630,0.632803,0.364981,-0.198849
2.850000,0.300976,-0.104820,-0.005759,0.810570,0.245282,0.004026,0.844912,0.068115,0.006046,0.621434,0.351919,-0.206307
2.866667,0.324861,-0.092113,-0.005734,0.802756,0.245007,0.004021,0.844846,0.077209,0.006149,0.613760,0.339877,-0.210040
2.883333,0.347418,-0.080095,-0.005720,0.794925,0.244849,0.004013,0.844812,0.085666,0.006059,0.608896,0.328896,-0.210972
2.900000,0.368558,-0.068796,-0.005712,0.787151,0.244799,0.004005,0.844807,0.093940,0.006038,0.605690,0.318999,-0.210290
2.916667,0.388197,-0.058238,-0.005708,0.779512,0.244843,0.003995,0.844829,0.103034,0.006267,0.601649,0.310191,-0.210521
2.933333,0.406259,-0.048438,-0.005704,0.772080,0.244970,0.003983,0.844874,0.112733,0.006630,0.596282,0.302458,-0.212195
2.950000,0.422671,-0.039410,-0.005699,0.764928,0.245166,0.003970,0.844937,0.122603,0.006994,0.590628,0.295768,-0.214305
2.966667,0.437369,-0.031169,-0.005699,0.758128,0.245419,0.003957,0.845016,0.132542,0.007314,0.585671,0.290076,-0.215901
2.983333,0.450295,-0.023719,-0.005702,0.751744,0.245717,0.003943,0.845107,0.142345,0.007595,0.581926,0.285317,-0.216499
3.000000,0.461398,-0.017058,-0.005704,0.745840,0.246049,0.003930,0.845206,0.151665,0.007859,0.579361,0.281410,-0.216162
3.016667,0.470634,-0.011184,-0.005706,0.740475,0.246402,0.003918,0.845311,0.160577,0.008120,0.577514,0.278269,-0.215379
3.033333,0.477966,-0.006084,-0.005711,0.735703,0.246767,0.003906,0.845417,0.169263,0.008360,0.575892,0.275796,-0.214668
3.050000,0.483367,-0.001726,-0.005716,0.731579,0.247133,0.003894,0.845524,0.177623,0.008554,0.574349,0.273873,-0.214202
3.066667,0.486814,0.001796,-0.005701,0.728116,0.247493,0.003883,0.845628,0.185460,0.008696,0.573038,0.272520,-0.213834
3.083333,0.488293,0.004572,-0.005692,0.725372,0.247839,0.003873,0.845727,0.192598,0.008779,0.572203,0.271580,-0.213346
3.100000,0.487800,0.006586,-0.005684,0.723368,0.248165,0.003864,0.845821,0.198856,0.008806,0.571959,0.271009,-0.212635
3.116667,0.485336,0.007837,-0.005679,0.722121,0.248466,0.003856,0.845907,0.204117,0.008772,0.572268,0.270770,-0.211745
3.133333,0.480910,0.008330,-0.005671,0.721645,0.248740,0.003849,0.845984,0.208383,0.008674,0.572956,0.270827,-0.210859
3.150000,0.474540,0.008068,-0.005659,0.721946,0.248983,0.003843,0.846053,0.211669,0.008511,0.573858,0.271169,-0.210141
3.166667,0.466252,0.007049,-0.005646,0.723020,0.249193,0.003838,0.846112,0.213927,0.008287,0.574894,0.271800,-0.209672
3.183333,0.456077,0.005269,-0.005633,0.724858,0.249369,0.003834,0.846162,0.215089,0.008007,0.576087,0.272743,-0.209423
3.200000,0.444057,0.002725,-0.005619,0.727442,0.249511,0.003832,0.846202,0.215090,0.007675,0.577510,0.274038,-0.209312
3.216667,0.430238,-0.000588,-0.005605,0.730747,0.249620,0.003830,0.846233,0.213889,0.007288,0.579205,0.275736,-0.209285
3.233333,0.414675,-0.004677,-0.005592,0.734741,0.249697,0.003828,0.846256,0.211481,0.006851,0.581164,0.277904,-0.209334
3.250000,0.397430,-0.009546,-0.005579,0.739386,0.249744,0.003827,0.846270,0.207902,0.006368,0.583351,0.280613,-0.209476
3.266667,0.378570,-0.015199,-0.005566,0.744636,0.249763,0.003827,0.846276,0.203180,0.005849,0.585749,0.283943,-0.209707
3.283333,0.358171,-0.021641,-0.005554,0.750440,0.249757,0.003828,0.846275,0.197340,0.005302,0.588380,0.287975,-0.209978
3.300000,0.336311,-0.028871,-0.005540,0.756743,0.249730,0.003829,0.846269,0.190409,0.004735,0.591308,0.292782,-0.210198
3.316667,0.313079,-0.036889,-0.005525,0.763481,0.249684,0.003831,0.846257,0.182429,0.004152,0.594591,0.298435,-0.210278
3.333333,0.288565,-0.045698,-0.005515,0.770588,0.249622,0.003832,0.846242,0.173461,0.003559,0.598280,0.305000,-0.210135
3.350000,0.262866,-0.055299,-0.005513,0.777991,0.249548,0.003834,0.846222,0.163585,0.002966,0.602397,0.312530,-0.209709
3.366667,0.236084,-0.065675,-0.005516,0.785617,0.249465,0.003837,0.846200,0.152892,0.002381,0.606964,0.321046,-0.208945
3.383333,0.208325,-0.076805,-0.005521,0.793395,0.249375,0.003839,0.846177,0.141487,0.001809,0.612003,0.330556,-0.207783
3.400000,0.179697,-0.088667,-0.005530,0.801246,0.249283,0.003842,0.846152,0.129479,0.001255,0.617547,0.341049,-0.206152
3.416667,0.150314,-0.101235,-0.005546,0.809096,0.249190,0.003844,0.846128,0.116994,0.000723,0.623625,0.352502,-0.203987
3.433333,0.120292,-0.114473,-0.005566,0.816870,0.249099,0.003847,0.846104,0.104167,0.000220,0.630260,0.364866,-0.201227
3.450000,0.089749,-0.128336,-0.005590,0.824495,0.249012,0.003850,0.846081,0.091143,-0.000248,0.637468,0.378083,-0.197820
3.466667,0.058806,-0.142776,-0.005616,0.831904,0.248931,0.003853,0.846059,0.078068,-0.000678,0.645266,0.392077,-0.193715
3.483333,0.027585,-0.157739,-0.005645,0.839030,0.248857,0.003856,0.846040,0.065097,-0.001068,0.653676,0.406767,-0.188858
3.500000,-0.003791,-0.173163,-0.005674,0.845816,0.248791,0.003859,0.846023,0.052366,-0.001413,0.662726,0.422062,-0.183193
3.516667,-0.035198,-0.188982,-0.005701,0.852207,0.248735,0.003862,0.846008,0.040010,-0.001712,0.672451,0.437866,-0.176656
3.533333,-0.066512,-0.205127,-0.005721,0.858158,0.248689,0.003865,0.845996,0.028135,-0.001960,0.682891,0.454081,-0.169186
3.550000,-0.097609,-0.221524,-0.005727,0.863631,0.248654,0.003867,0.845987,0.016824,-0.002158,0.694094,0.470606,-0.160715
3.566667,-0.128368,-0.238095,-0.005713,0.868597,0.248628,0.003870,0.845980,0.006126,-0.002305,0.706133,0.487343,-0.151155
3.583333,-0.158665,-0.254758,-0.005680,0.873033,0.248613,0.003873,0.845976,-0.003932,-0.002400,0.719107,0.504188,-0.140398
3.600000,-0.188382,-0.271425,-0.005635,0.876927,0.248607,0.003875,0.845975,-0.013349,-0.002436,0.733150,0.521039,-0.128301
3.616667,-0.217402,-0.288010,-0.005590,0.880270,0.248611,0.003878,0.845976,-0.022134,-0.002407,0.748489,0.537799,-0.114634
3.633333,-0.245610,-0.304430,-0.005553,0.883065,0.248624,0.003881,0.845979,-0.030296,-0.002306,0.765424,0.554376,-0.099099
3.650000,-0.272894,-0.320598,-0.005527,0.885325,0.248648,0.003886,0.845986,-0.037819,-0.002123,0.784379,0.570682,-0.081276
3.666667,-0.299148,-0.336434,-0.005512,0.887071,0.248683,0.003892,0.845995,-0.044652,-0.001848,0.805824,0.586632,-0.060709
3.683333,-0.324266,-0.351856,-0.005506,0.888332,0.248733,0.003903,0.846007,-0.050730,-0.001472,0.829850,0.602152,-0.037320
3.700000,-0.348151,-0.366786,-0.005509,0.889142,0.248806,0.003923,0.846025,-0.056147,-0.001017,0.854765,0.617171,-0.012819
3.716667,-0.370708,-0.381148,-0.005516,0.889543,0.248914,0.003959,0.846051,-0.061463,-0.000598,0.874588,0.631632,0.006791
3.733333,-0.391848,-0.394871,-0.005525,0.889579,0.249075,0.004018,0.846088,-0.067433,-0.000409,0.880219,0.645483,0.012386
3.750000,-0.411487,-0.407892,-0.005536,0.889301,0.249306,0.004100,0.846142,-0.074031,-0.000516,0.870488,0.658684,0.002767
3.766667,-0.429549,-0.420160,-0.005549,0.888759,0.249622,0.004200,0.846216,-0.080283,-0.000699,0.858610,0.671203,-0.008878
3.783333,-0.445961,-0.431629,-0.005562,0.888007,0.250036,0.004312,0.846315,-0.085327,-0.000676,0.858250,0.683010,-0.008910
3.800000,-0.460659,-0.442251,-0.005574,0.887096,0.250555,0.004432,0.846442,-0.089453,-0.000467,0.866121,0.694069,-0.000648
3.816667,-0.473585,-0.451983,-0.005588,0.886078,0.251178,0.004552,0.846594,-0.093413,-0.000329,0.868737,0.704341,0.002401
3.833333,-0.484688,-0.460789,-0.005603,0.885003,0.251898,0.004671,0.846770,-0.097283,-0.000348,0.863740,0.713786,-0.002147
3.850000,-0.493924,-0.468643,-0.005621,0.883918,0.252711,0.004786,0.846969,-0.100515,-0.000352,0.860778,0.722375,-0.004665
3.866667,-0.501256,-0.475520,-0.005647,0.882865,0.253608,0.004895,0.847189,-0.102973,-0.000258,0.863168,0.730076,-0.001859
3.883333,-0.506657,-0.481391,-0.005677,0.881892,0.254578,0.004996,0.847425,-0.104975,-0.000180,0.864492,0.736852,-0.000167
3.900000,-0.510104,-0.486236,-0.005704,0.881037,0.255606,0.005089,0.847675,-0.106610,-0.000174,0.862448,0.742670,-0.001908
3.916667,-0.511583,-0.490043,-0.005731,0.880329,0.256675,0.005171,0.847932,-0.107682,-0.000161,0.861406,0.747500,-0.002725
3.933333,-0.511090,-0.492800,-0.005757,0.879793,0.257771,0.005244,0.848195,-0.108155,-0.000112,0.862484,0.751317,-0.001510
3.950000,-0.508625,-0.494501,-0.005784,0.879447,0.258876,0.005306,0.848457,-0.108157,-0.000082,0.862803,0.754095,-0.001149
3.966667,-0.504200,-0.495139,-0.005811,0.879300,0.259970,0.005357,0.848715,-0.107705,-0.000081,0.862094,0.755811,-0.001913
3.983333,-0.497830,-0.494715,-0.005840,0.879357,0.261037,0.005398,0.848963,-0.106734,-0.000074,0.862191,0.756447,-0.001969
4.000000,-0.489541,-0.493230,-0.005869,0.879615,0.262060,0.005428,0.849199,-0.105263,-0.000062,0.862912,0.755987,-0.001495
4.016667,-0.479367,-0.490688,-0.005901,0.880065,0.263020,0.005447,0.849419,-0.103344,-0.000065,0.863176,0.754416,-0.001566
4.033333,-0.467347,-0.487096,-0.005934,0.880689,0.263902,0.005457,0.849617,-0.100979,-0.000080,0.863285,0.751727,-0.001869
4.050000,-0.453528,-0.482467,-0.005971,0.881465,0.264691,0.005456,0.849794,-0.098158,-0.000094,0.863799,0.747915,-0.001830
4.066667,-0.437965,-0.476816,-0.006008,0.882358,0.265372,0.005446,0.849944,-0.094907,-0.000113,0.864428,0.742983,-0.001722
4.083333,-0.420720,-0.470155,-0.006039,0.883347,0.265934,0.005426,0.850066,-0.091251,-0.000138,0.864851,0.736930,-0.001855
4.100000,-0.401860,-0.462509,-0.006070,0.884386,0.266366,0.005397,0.850158,-0.087202,-0.000164,0.865249,0.729769,-0.002023
4.116667,-0.381460,-0.453906,-0.006100,0.885431,0.266659,0.005359,0.850219,-0.082768,-0.000194,0.865749,0.721516,-0.002076
4.133333,-0.359601,-0.444378,-0.006115,0.886427,0.266806,0.005312,0.850246,-0.077977,-0.000228,0.866206,0.712195,-0.002130
4.150000,-0.336369,-0.433947,-0.006127,0.887352,0.266801,0.005256,0.850240,-0.072844,-0.000256,0.866501,0.701822,-0.002295
4.166667,-0.311855,-0.422672,-0.006134,0.888118,0.266640,0.005191,0.850198,-0.067407,-0.000288,0.866667,0.690447,-0.002491
4.183333,-0.286156,-0.410583,-0.006142,0.888702,0.266321,0.005117,0.850121,-0.061665,-0.000324,0.866702,0.678096,-0.002710
4.200000,-0.259374,-0.397741,-0.006156,0.889031,0.265843,0.005034,0.850009,-0.055668,-0.000368,0.866543,0.664825,-0.002977
4.216667,-0.231615,-0.384207,-0.006175,0.889052,0.265208,0.004943,0.849860,-0.049437,-0.000420,0.866082,0.650692,-0.003374
4.233333,-0.202987,-0.370037,-0.006196,0.888721,0.264418,0.004842,0.849676,-0.043010,-0.000476,0.865184,0.635751,-0.004015
4.250000,-0.173604,-0.355295,-0.006215,0.887996,0.263476,0.004732,0.849457,-0.036428,-0.000529,0.863635,0.620066,-0.005091
4.266667,-0.143581,-0.340050,-0.006230,0.886838,0.262387,0.004614,0.849202,-0.029745,-0.000543,0.861001,0.603709,-0.007019
4.283333,-0.113039,-0.324378,-0.006241,0.885210,0.261157,0.004486,0.848914,-0.023036,-0.000499,0.856555,0.586757,-0.010507
4.300000,-0.082096,-0.308357,-0.006251,0.883082,0.259794,0.004349,0.848592,-0.016319,-0.000359,0.850366,0.569295,-0.015470
4.316667,-0.050874,-0.292064,-0.006258,0.880430,0.258307,0.004206,0.848237,-0.011565,-0.000488,0.857686,0.551412,-0.006647
4.333333,-0.019499,-0.275572,-0.006259,0.877232,0.256781,0.004124,0.847862,-0.006714,-0.000643,0.830934,0.533264,-0.031613
4.350000,0.011908,-0.258966,-0.006259,0.873483,0.255241,0.004061,0.847479,-0.002333,-0.000029,0.803136,0.514967,-0.057345
4.366667,0.043222,-0.242339,-0.006255,0.869185,0.253737,0.004032,0.847100,0.004372,0.000741,0.763431,0.496674,-0.094712
4.383333,0.074320,-0.225778,-0.006243,0.864351,0.252301,0.004017,0.846734,0.011097,0.002024,0.714910,0.478513,-0.140633
4.400000,0.105078,-0.209362,-0.006209,0.859002,0.250956,0.004011,0.846387,0.018902,0.003782,0.671229,0.460604,-0.181465
4.416667,0.135375,-0.193170,-0.006150,0.853168,0.249737,0.004022,0.846071,0.029087,0.004844,0.664887,0.443081,-0.184732
4.433333,0.165093,-0.177280,-0.006075,0.846888,0.248648,0.004027,0.845787,0.034751,0.005531,0.653675,0.426049,-0.192662
4.450000,0.194112,-0.161769,-0.005993,0.840206,0.247691,0.004029,0.845536,0.039041,0.005181,0.652921,0.409618,-0.189950
4.466667,0.222320,-0.146710,-0.005915,0.833174,0.246880,0.004036,0.845324,0.045368,0.004765,0.654095,0.393904,-0.185154
4.483333,0.249604,-0.132164,-0.005848,0.825848,0.246209,0.004035,0.845149,0.052154,0.005059,0.645313,0.378994,-0.190186
4.500000,0.275858,-0.118184,-0.005797,0.818291,0.245675,0.004031,0.845012,0.059749,0.005629,0.632822,0.364971,-0.198829
4.516667,0.300976,-0.104820,-0.005759,0.810570,0.245273,0.004026,0.844911,0.068061,0.006045,0.621452,0.351910,-0.206288
4.533333,0.324861,-0.092113,-0.005734,0.802756,0.244999,0.004021,0.844844,0.077156,0.006147,0.613777,0.339869,-0.210023
4.550000,0.347418,-0.080095,-0.005720,0.794925,0.244842,0.004014,0.844810,0.085613,0.006055,0.608910,0.328888,-0.210958
4.566667,0.368558,-0.068796,-0.005712,0.787151,0.244793,0.004005,0.844806,0.093892,0.006033,0.605699,0.318993,-0.210280
4.583333,0.388197,-0.058238,-0.005708,0.779511,0.244838,0.003995,0.844828,0.102994,0.006263,0.601656,0.310186,-0.210514
4.600000,0.406259,-0.048438,-0.005704,0.772080,0.244966,0.003983,0.844873,0.112698,0.006627,0.596289,0.302454,-0.212187
4.616667,0.422671,-0.039410,-0.005699,0.764929,0.245163,0.003970,0.844937,0.122575,0.006992,0.590637,0.295764,-0.214296
4.633333,0.437369,-0.031169,-0.005699,0.758128,0.245417,0.003957,0.845016,0.132521,0.007312,0.585675,0.290073,-0.215897
4.650000,0.450295,-0.023719,-0.005701,0.751744,0.245716,0.003943,0.845107,0.142330,0.007593,0.581929,0.285316,-0.216496
4.666667,0.461398,-0.017058,-0.005704,0.745840,0.246048,0.003931,0.845206,0.151656,0.007858,0.579360,0.281410,-0.216163
4.683333,0.470634,-0.011184,-0.005706,0.740475,0.246402,0.003918,0.845311,0.160574,0.008120,0.577514,0.278269,-0.215379
4.700000,0.477966,-0.006084,-0.005711,0.735703,0.246768,0.003906,0.845418,0.169261,0.008360,0.575893,0.275796,-0.214667
4.716667,0.483367,-0.001726,-0.005716,0.731579,0.247134,0.003894,0.845525,0.177624,0.008554,0.574351,0.273874,-0.214201
4.733333,0.486814,0.001792,-0.005699,0.728115,0.247494,0.003883,0.845629,0.185462,0.008696,0.573041,0.272527,-0.213831
4.750000,0.488293,0.004573,-0.005691,0.725372,0.247841,0.003873,0.845728,0.192602,0.008778,0.572205,0.271581,-0.213345
4.766667,0.487800,0.006588,-0.005683,0.723367,0.248167,0.003864,0.845821,0.198860,0.008805,0.571961,0.271011,-0.212634
4.783333,0.485336,0.007838,-0.005678,0.722121,0.248469,0.003856,0.845907,0.204120,0.008771,0.572267,0.270772,-0.211747
4.800000,0.480910,0.008331,-0.005670,0.721645,0.248743,0.003849,0.845985,0.208387,0.008674,0.572957,0.270829,-0.210858
4.816667,0.474540,0.008069,-0.005659,0.721946,0.248985,0.003843,0.846054,0.211671,0.008511,0.573859,0.271171,-0.210140
4.833333,0.466252,0.007049,-0.005646,0.723020,0.249195,0.003838,0.846113,0.213930,0.008287,0.574894,0.271802,-0.209673
4.850000,0.456077,0.005270,-0.005633,0.724858,0.249371,0.003834,0.846163,0.215090,0.008007,0.576089,0.272745,-0.209421
4.866667,0.444057,0.002725,-0.005619,0.727442,0.249514,0.003832,0.846203,0.215090,0.007674,0.577509,0.274040,-0.209313
4.883333,0.430238,-0.000588,-0.005605,0.730747,0.249622,0.003829,0.846234,0.213888,0.007288,0.579206,0.275738,-0.209284
4.900000,0.414675,-0.004677,-0.005591,0.734741,0.249699,0.003828,0.846256,0.211482,0.006851,0.581163,0.277905,-0.209336
4.916667,0.397430,-0.009546,-0.005579,0.739386,0.249746,0.003827,0.846270,0.207903,0.006368,0.583351,0.280615,-0.209476
4.933333,0.378570,-0.015199,-0.005566,0.744636,0.249764,0.003827,0.846276,0.203182,0.005849,0.585751,0.283944,-0.209705
4.950000,0.358171,-0.021640,-0.005553,0.750441,0.249759,0.003828,0.846276,0.197343,0.005303,0.588384,0.287975,-0.209974
4.966667,0.336311,-0.028870,-0.005539,0.756743,0.249731,0.003829,0.846269,0.190414,0.004735,0.591311,0.292782,-0.210195
4.983333,0.313079,-0.036888,-0.005525,0.763482,0.249685,0.003830,0.846257,0.182434,0.004152,0.594592,0.298435,-0.210278
5.000000,0.288565,-0.045698,-0.005515,0.770588,0.249623,0.003832,0.846242,0.173467,0.003559,0.598279,0.305000,-0.210136
5.016667,0.262866,-0.055299,-0.005513,0.777991,0.249548,0.003834,0.846222,0.163588,0.002966,0.602397,0.312530,-0.209710
5.033333,0.236084,-0.065674,-0.005515,0.785617,0.249465,0.003837,0.846200,0.152893,0.002381,0.606964,0.321046,-0.208945
5.050000,0.208325,-0.076805,-0.005521,0.793395,0.249375,0.003839,0.846177,0.141486,0.001809,0.612004,0.330555,-0.207782
5.066667,0.179697,-0.088667,-0.005530,0.801246,0.249282,0.003842,0.846152,0.129478,0.001254,0.617547,0.341049,-0.206153
5.083333,0.150314,-0.101235,-0.005546,0.809096,0.249189,0.003844,0.846128,0.116992,0.000723,0.623624,0.352501,-0.203988
5.100000,0.120292,-0.114473,-0.005566,0.816870,0.249098,0.003847,0.846104,0.104165,0.000220,0.630258,0.364866,-0.201229
5.116667,0.089749,-0.128337,-0.005591,0.824495,0.249011,0.003850,0.846080,0.091142,-0.000248,0.637468,0.378083,-0.197820
5.133333,0.058806,-0.142777,-0.005617,0.831903,0.248930,0.003853,0.846059,0.078069,-0.000679,0.645268,0.392078,-0.193713
5.150000,0.027585,-0.157740,-0.005646,0.839030,0.248856,0.003856,0.846039,0.065097,-0.001068,0.653681,0.406768,-0.188854
5.166667,-0.003791,-0.173164,-0.005675,0.845815,0.248791,0.003859,0.846022,0.052368,-0.001414,0.662728,0.422063,-0.183190
5.183333,-0.035198,-0.188983,-0.005702,0.852207,0.248735,0.003862,0.846007,0.040012,-0.001712,0.672451,0.437866,-0.176656
5.200000,-0.066512,-0.205127,-0.005722,0.858158,0.248689,0.003865,0.845995,0.028135,-0.001961,0.682889,0.454081,-0.169188
5.216667,-0.097609,-0.221524,-0.005728,0.863631,0.248653,0.003867,0.845986,0.016823,-0.002159,0.694093,0.470606,-0.160716
5.233333,-0.128368,-0.238096,-0.005714,0.868596,0.248628,0.003870,0.845980,0.006125,-0.002306,0.706133,0.487343,-0.151155
5.250000,-0.158665,-0.254758,-0.005681,0.873033,0.248612,0.003873,0.845975,-0.003935,-0.002400,0.719108,0.504188,-0.140396
5.266667,-0.188382,-0.271425,-0.005636,0.876926,0.248607,0.003875,0.845974,-0.013352,-0.002437,0.733150,0.521039,-0.128300
5.283333,-0.217402,-0.288010,-0.005591,0.880269,0.248610,0.003878,0.845975,-0.022136,-0.002408,0.748486,0.537799,-0.114636
5.300000,-0.245610,-0.304430,-0.005554,0.883065,0.248624,0.003881,0.845979,-0.030297,-0.002307,0.765421,0.554376,-0.099101
5.316667,-0.272894,-0.320599,-0.005527,0.885325,0.248647,0.003886,0.845986,-0.037820,-0.002124,0.784380,0.570681,-0.081276
5.333333,-0.299148,-0.336434,-0.005512,0.887071,0.248682,0.003892,0.845995,-0.044653,-0.001849,0.805825,0.586632,-0.060708
5.350000,-0.324266,-0.351855,-0.005506,0.888332,0.248733,0.003903,0.846008,-0.050731,-0.001472,0.829851,0.602151,-0.037319
5.366667,-0.348151,-0.366786,-0.005509,0.889142,0.248805,0.003923,0.846026,-0.056146,-0.001017,0.854767,0.617171,-0.012817
5.383333,-0.370708,-0.381148,-0.005516,0.889543,0.248913,0.003959,0.846051,-0.061464,-0.000598,0.874584,0.631631,0.006787
5.400000,-0.391848,-0.394871,-0.005525,0.889579,0.249075,0.004018,0.846088,-0.067433,-0.000409,0.880222,0.645483,0.012388
5.416667,-0.411487,-0.407892,-0.005536,0.889301,0.249306,0.004100,0.846142,-0.074031,-0.000516,0.870492,0.658684,0.002771
5.433333,-0.429549,-0.420160,-0.005549,0.888759,0.249622,0.004200,0.846216,-0.080282,-0.000699,0.858612,0.671203,-0.008876
5.450000,-0.445961,-0.431629,-0.005562,0.888007,0.250036,0.004312,0.846316,-0.085328,-0.000676,0.858249,0.683010,-0.008913
5.466667,-0.460659,-0.442251,-0.005575,0.887096,0.250555,0.004432,0.846442,-0.089452,-0.000467,0.866118,0.694070,-0.000651
5.483333,-0.473585,-0.451983,-0.005588,0.886078,0.251178,0.004552,0.846594,-0.093413,-0.000329,0.868737,0.704341,0.002401
5.500000,-0.484688,-0.460789,-0.005603,0.885003,0.251899,0.004671,0.846770,-0.097283,-0.000348,0.863741,0.713787,-0.002146
5.516667,-0.493924,-0.468643,-0.005620,0.883919,0.252711,0.004786,0.846969,-0.100514,-0.000352,0.860779,0.722374,-0.004665
5.533333,-0.501256,-0.475519,-0.005647,0.882865,0.253608,0.004895,0.847189,-0.102974,-0.000258,0.863168,0.730075,-0.001859
5.550000,-0.506657,-0.481390,-0.005676,0.881892,0.254578,0.004996,0.847425,-0.104974,-0.000180,0.864491,0.736852,-0.000168
5.566667,-0.510104,-0.486236,-0.005704,0.881037,0.255606,0.005089,0.847675,-0.106610,-0.000174,0.862450,0.742670,-0.001906
5.583333,-0.511583,-0.490043,-0.005731,0.880329,0.256676,0.005171,0.847932,-0.107681,-0.000161,0.861405,0.747500,-0.002726
5.600000,-0.511090,-0.492800,-0.005757,0.879794,0.257772,0.005244,0.848195,-0.108155,-0.000111,0.862484,0.751317,-0.001510
5.616667,-0.508625,-0.494501,-0.005783,0.879447,0.258876,0.005306,0.848457,-0.108157,-0.000081,0.862805,0.754096,-0.001147
5.633333,-0.504200,-0.495139,-0.005811,0.879300,0.259971,0.005357,0.848714,-0.107704,-0.000080,0.862094,0.755812,-0.001913
5.650000,-0.497830,-0.494715,-0.005839,0.879357,0.261038,0.005398,0.848963,-0.106735,-0.000074,0.862190,0.756448,-0.001970
5.666667,-0.489541,-0.493230,-0.005869,0.879615,0.262060,0.005428,0.849199,-0.105262,-0.000062,0.862911,0.755987,-0.001496
5.683333,-0.479367,-0.490688,-0.005901,0.880065,0.263020,0.005447,0.849418,-0.103344,-0.000065,0.863176,0.754416,-0.001565
5.700000,-0.467347,-0.487096,-0.005935,0.880689,0.263902,0.005457,0.849617,-0.100979,-0.000080,0.863283,0.751727,-0.001870
5.716667,-0.453528,-0.482466,-0.005971,0.881465,0.264690,0.005456,0.849794,-0.098158,-0.000094,0.863798,0.747915,-0.001832
5.733333,-0.437965,-0.476816,-0.006008,0.882357,0.265372,0.005446,0.849944,-0.094908,-0.000113,0.864431,0.742983,-0.001720
5.750000,-0.420720,-0.470155,-0.006039,0.883346,0.265934,0.005426,0.850066,-0.091251,-0.000138,0.864851,0.736930,-0.001855
5.766667,-0.401860,-0.462509,-0.006070,0.884386,0.266366,0.005397,0.850158,-0.087202,-0.000165,0.865248,0.729769,-0.002024
5.783333,-0.381460,-0.453906,-0.006100,0.885431,0.266659,0.005359,0.850219,-0.082769,-0.000194,0.865748,0.721515,-0.002078
5.800000,-0.359601,-0.444378,-0.006115,0.886427,0.266806,0.005312,0.850247,-0.077978,-0.000228,0.866207,0.712195,-0.002130
5.816667,-0.336369,-0.433947,-0.006127,0.887353,0.266801,0.005256,0.850240,-0.072844,-0.000256,0.866504,0.701821,-0.002293
5.833333,-0.311855,-0.422672,-0.006134,0.888118,0.266640,0.005191,0.850198,-0.067407,-0.000288,0.866672,0.690447,-0.002486
5.850000,-0.286156,-0.410582,-0.006142,0.888702,0.266321,0.005117,0.850121,-0.061665,-0.000324,0.866702,0.678095,-0.002710
5.866667,-0.259374,-0.397741,-0.006156,0.889031,0.265843,0.005034,0.850009,-0.055668,-0.000368,0.866541,0.664825,-0.002979
5.883333,-0.231615,-0.384207,-0.006175,0.889052,0.265208,0.004943,0.849860,-0.049438,-0.000419,0.866081,0.650691,-0.003375
5.900000,-0.202987,-0.370036,-0.006196,0.888721,0.264417,0.004842,0.849676,-0.043010,-0.000476,0.865181,0.635750,-0.004018
5.916667,-0.173604,-0.355295,-0.006214,0.887996,0.263475,0.004732,0.849457,-0.036428,-0.000529,0.863636,0.620066,-0.005090
5.933333,-0.143581,-0.340050,-0.006230,0.886838,0.262386,0.004614,0.849202,-0.029745,-0.000543,0.861009,0.603709,-0.007011
5.950000,-0.113039,-0.324378,-0.006241,0.885210,0.261157,0.004486,0.848914,-0.023035,-0.000499,0.856570,0.586757,-0.010492
5.966667,-0.082096,-0.308357,-0.006251,0.883082,0.259794,0.004349,0.848591,-0.016316,-0.000359,0.850396,0.569295,-0.015441
5.983333,-0.050874,-0.292064,-0.006258,0.880430,0.258308,0.004206,0.848237,-0.011551,-0.000489,0.857739,0.551412,-0.006595
6.000000,-0.019499,-0.275572,-0.006259,0.877232,0.256781,0.004124,0.847862,-0.006687,-0.000645,0.830998,0.533264,-0.031549
6.016667,0.011908,-0.258966,-0.006259,0.873483,0.255241,0.004061,0.847479,-0.002282,-0.000029,0.803236,0.514968,-0.057245
6.033333,0.043222,-0.242339,-0.006256,0.869185,0.253737,0.004032,0.847099,0.004443,0.000738,0.763582,0.496675,-0.094560
6.050000,0.074320,-0.225778,-0.006243,0.864351,0.252302,0.004017,0.846733,0.011184,0.002020,0.715059,0.478514,-0.140483
6.066667,0.105078,-0.209362,-0.006209,0.859001,0.250957,0.004011,0.846387,0.018956,0.003783,0.671261,0.460605,-0.181433
6.083333,0.135375,-0.193170,-0.006150,0.853168,0.249738,0.004022,0.846070,0.029122,0.004855,0.664827,0.443081,-0.184792
6.100000,0.165093,-0.177280,-0.006075,0.846888,0.248649,0.004027,0.845786,0.034799,0.005543,0.653659,0.426050,-0.192678
6.116667,0.194112,-0.161769,-0.005993,0.840206,0.247691,0.004029,0.845535,0.039065,0.005194,0.652839,0.409617,-0.190031
6.133333,0.222320,-0.146710,-0.005915,0.833174,0.246880,0.004036,0.845323,0.045377,0.004771,0.654086,0.393903,-0.185162
6.150000,0.249604,-0.132164,-0.005848,0.825848,0.246209,0.004035,0.845149,0.052147,0.005064,0.645334,0.378993,-0.190164
6.166667,0.275858,-0.118184,-0.005796,0.818291,0.245674,0.004031,0.845012,0.059735,0.005635,0.632863,0.364970,-0.198788
6.183333,0.300976,-0.104820,-0.005759,0.810570,0.245273,0.004026,0.844910,0.068039,0.006053,0.621471,0.351909,-0.206269
6.200000,0.324861,-0.092112,-0.005734,0.802756,0.244998,0.004021,0.844844,0.077138,0.006155,0.613782,0.339868,-0.210018
6.216667,0.347418,-0.080095,-0.005720,0.794925,0.244841,0.004013,0.844810,0.085602,0.006061,0.608899,0.328888,-0.210968
6.233333,0.368558,-0.068796,-0.005712,0.787151,0.244792,0.004005,0.844806,0.093882,0.006037,0.605693,0.318992,-0.210286
6.250000,0.388197,-0.058238,-0.005708,0.779511,0.244837,0.003995,0.844829,0.102982,0.006266,0.601659,0.310185,-0.210511
6.266667,0.406259,-0.048438,-0.005704,0.772080,0.244965,0.003983,0.844874,0.112689,0.006630,0.596298,0.302454,-0.212179
6.283333,0.422671,-0.039410,-0.005699,0.764928,0.245162,0.003970,0.844937,0.122567,0.006995,0.590642,0.295764,-0.214291
6.300000,0.437369,-0.031169,-0.005700,0.758128,0.245417,0.003956,0.845016,0.132515,0.007315,0.585677,0.290073,-0.215895
6.316667,0.450295,-0.023719,-0.005702,0.751744,0.245716,0.003943,0.845107,0.142329,0.007596,0.581926,0.285316,-0.216499
6.333333,0.461398,-0.017058,-0.005704,0.745840,0.246048,0.003930,0.845207,0.151658,0.007861,0.579357,0.281409,-0.216166
6.350000,0.470634,-0.011184,-0.005706,0.740475,0.246402,0.003918,0.845311,0.160574,0.008123,0.577511,0.278269,-0.215382
6.366667,0.477966,-0.006084,-0.005711,0.735703,0.246767,0.003906,0.845418,0.169261,0.008363,0.575893,0.275796,-0.214667
6.383333,0.483367,-0.001726,-0.005716,0.731579,0.247134,0.003894,0.845525,0.177624,0.008558,0.574353,0.273874,-0.214199
6.400000,0.486814,0.001791,-0.005698,0.728115,0.247494,0.003883,0.845628,0.185463,0.008699,0.573043,0.272528,-0.213829
6.416667,0.488293,0.004571,-0.005692,0.725372,0.247841,0.003873,0.845728,0.192602,0.008781,0.572207,0.271582,-0.213343
6.433333,0.487800,0.006587,-0.005684,0.723367,0.248167,0.003864,0.845821,0.198860,0.008808,0.571960,0.271011,-0.212634
6.450000,0.485336,0.007838,-0.005678,0.722121,0.248469,0.003856,0.845907,0.204122,0.008774,0.572266,0.270772,-0.211748
6.466667,0.480910,0.008331,-0.005670,0.721645,0.248743,0.003849,0.845984,0.208388,0.008677,0.572955,0.270829,-0.210860
6.483333,0.474540,0.008069,-0.005659,0.721946,0.248985,0.003843,0.846053,0.211672,0.008513,0.573859,0.271171,-0.210140
6.500000,0.466252,0.007049,-0.005646,0.723020,0.249196,0.003838,0.846113,0.213931,0.008289,0.574897,0.271802,-0.209670
6.516667,0.456077,0.005270,-0.005633,0.724858,0.249371,0.003834,0.846163,0.215093,0.008009,0.576092,0.272745,-0.209418
6.533333,0.444057,0.002725,-0.005618,0.727442,0.249513,0.003831,0.846203,0.215095,0.007676,0.577512,0.274040,-0.209311
6.550000,0.430238,-0.000588,-0.005605,0.730747,0.249622,0.003829,0.846234,0.213893,0.007290,0.579205,0.275737,-0.209286
6.566667,0.414675,-0.004676,-0.005591,0.734741,0.249699,0.003828,0.846256,0.211488,0.006852,0.581160,0.277904,-0.209338
6.583333,0.397430,-0.009544,-0.005577,0.739386,0.249746,0.003827,0.846270,0.207907,0.006368,0.583351,0.280613,-0.209477
6.600000,0.378570,-0.015197,-0.005565,0.744637,0.249765,0.003827,0.846276,0.203185,0.005849,0.585750,0.283943,-0.209706
6.616667,0.358171,-0.021639,-0.005552,0.750441,0.249759,0.003828,0.846276,0.197344,0.005303,0.588384,0.287974,-0.209975
6.633333,0.336311,-0.028869,-0.005538,0.756743,0.249731,0.003829,0.846269,0.190413,0.004735,0.591311,0.292781,-0.210195
6.650000,0.313079,-0.036887,-0.005524,0.763482,0.249685,0.003830,0.846257,0.182433,0.004152,0.594591,0.298434,-0.210278
6.666667,0.288565,-0.045698,-0.005515,0.770588,0.249623,0.003832,0.846242,0.173466,0.003560,0.598279,0.305000,-0.210136
6.683333,0.262866,-0.055299,-0.005513,0.777991,0.249549,0.003834,0.846222,0.163588,0.002967,0.602395,0.312529,-0.209712
6.700000,0.236084,-0.065674,-0.005515,0.785617,0.249465,0.003837,0.846200,0.152895,0.002381,0.606964,0.321046,-0.208945
6.716667,0.208325,-0.076804,-0.005521,0.793395,0.249376,0.003839,0.846177,0.141488,0.001809,0.612005,0.330556,-0.207780
6.733333,0.179697,-0.088667,-0.005530,0.801246,0.249283,0.003842,0.846152,0.129480,0.001254,0.617547,0.341049,-0.206152
6.750000,0.150314,-0.101235,-0.005546,0.809096,0.249190,0.003844,0.846128,0.116994,0.000723,0.623621,0.352502,-0.203991
6.766667,0.120292,-0.114473,-0.005566,0.816869,0.249099,0.003847,0.846103,0.104167,0.000221,0.630256,0.364866,-0.201230
6.783333,0.089749,-0.128337,-0.005591,0.824495,0.249011,0.003850,0.846080,0.091141,-0.000248,0.637469,0.378083,-0.197818
6.800000,0.058806,-0.142778,-0.005618,0.831903,0.248930,0.003853,0.846059,0.078068,-0.000678,0.645271,0.392078,-0.193710
6.816667,0.027585,-0.157740,-0.005646,0.839029,0.248856,0.003856,0.846040,0.065095,-0.001068,0.653680,0.406768,-0.188854
6.833333,-0.003791,-0.173164,-0.005675,0.845815,0.248791,0.003859,0.846023,0.052365,-0.001414,0.662727,0.422063,-0.183192
6.850000,-0.035198,-0.188983,-0.005702,0.852207,0.248735,0.003862,0.846007,0.040011,-0.001712,0.672449,0.437867,-0.176658
6.866667,-0.066512,-0.205128,-0.005722,0.858158,0.248689,0.003865,0.845996,0.028136,-0.001961,0.682889,0.454081,-0.169187
6.883333,-0.097609,-0.221524,-0.005728,0.863631,0.248653,0.003867,0.845986,0.016824,-0.002159,0.694094,0.470606,-0.160715
6.900000,-0.128368,-0.238095,-0.005714,0.868597,0.248628,0.003870,0.845979,0.006124,-0.002306,0.706133,0.487343,-0.151155
6.916667,-0.158665,-0.254758,-0.005681,0.873033,0.248612,0.003873,0.845976,-0.003936,-0.002400,0.719105,0.504187,-0.140399
6.933333,-0.188382,-0.271425,-0.005636,0.876926,0.248606,0.003875,0.845975,-0.013352,-0.002437,0.733147,0.521039,-0.128304
6.950000,-0.217402,-0.288010,-0.005591,0.880270,0.248610,0.003878,0.845976,-0.022137,-0.002408,0.748486,0.537798,-0.114637
6.966667,-0.245610,-0.304430,-0.005554,0.883065,0.248623,0.003881,0.845980,-0.030297,-0.002307,0.765423,0.554376,-0.099099
6.983333,-0.272894,-0.320598,-0.005527,0.885325,0.248647,0.003886,0.845986,-0.037820,-0.002124,0.784379,0.570681,-0.081276
7.000000,-0.299148,-0.336434,-0.005512,0.887071,0.248682,0.003892,0.845995,-0.044652,-0.001849,0.805822,0.586632,-0.060711
7.016667,-0.324266,-0.351856,-0.005506,0.888332,0.248732,0.003903,0.846008,-0.050731,-0.001472,0.829848,0.602151,-0.037321
7.033333,-0.348151,-0.366786,-0.005509,0.889142,0.248805,0.003923,0.846026,-0.056147,-0.001017,0.854764,0.617170,-0.012820
7.050000,-0.370708,-0.381148,-0.005516,0.889543,0.248913,0.003959,0.846051,-0.061464,-0.000598,0.874581,0.631631,0.006784
7.066667,-0.391848,-0.394871,-0.005525,0.889579,0.249074,0.004018,0.846088,-0.067433,-0.000409,0.880220,0.645482,0.012386
7.083333,-0.411487,-0.407892,-0.005536,0.889301,0.249306,0.004100,0.846142,-0.074031,-0.000516,0.870490,0.658684,0.002768
7.100000,-0.429549,-0.420160,-0.005549,0.888759,0.249622,0.004200,0.846216,-0.080283,-0.000699,0.858609,0.671203,-0.008878
7.116667,-0.445961,-0.431629,-0.005562,0.888007,0.250036,0.004312,0.846316,-0.085327,-0.000676,0.858250,0.683009,-0.008911
7.133333,-0.460659,-0.442251,-0.005575,0.887096,0.250555,0.004432,0.846442,-0.089453,-0.000467,0.866120,0.694069,-0.000649
7.150000,-0.473585,-0.451983,-0.005588,0.886078,0.251178,0.004552,0.846594,-0.093413,-0.000329,0.868736,0.704341,0.002400
7.166667,-0.484688,-0.460789,-0.005603,0.885003,0.251898,0.004671,0.846770,-0.097283,-0.000348,0.863739,0.713786,-0.002147
7.183333,-0.493924,-0.468644,-0.005622,0.883917,0.252711,0.004786,0.846969,-0.100515,-0.000352,0.860780,0.722375,-0.004663
7.200000,-0.501256,-0.475520,-0.005648,0.882863,0.253608,0.004895,0.847189,-0.102973,-0.000259,0.863170,0.730076,-0.001856
7.216667,-0.506657,-0.481391,-0.005677,0.881891,0.254578,0.004996,0.847425,-0.104975,-0.000181,0.864490,0.736853,-0.000168
7.233333,-0.510104,-0.486236,-0.005705,0.881036,0.255606,0.005089,0.847674,-0.106610,-0.000174,0.862449,0.742670,-0.001907
7.250000,-0.511583,-0.490043,-0.005731,0.880329,0.256675,0.005171,0.847932,-0.107682,-0.000161,0.861405,0.747500,-0.002726
7.266667,-0.511090,-0.492800,-0.005757,0.879793,0.257771,0.005244,0.848195,-0.108155,-0.000112,0.862485,0.751317,-0.001510
7.283333,-0.508625,-0.494501,-0.005784,0.879447,0.258876,0.005306,0.848457,-0.108157,-0.000081,0.862804,0.754096,-0.001147
7.300000,-0.504200,-0.495140,-0.005811,0.879300,0.259971,0.005357,0.848714,-0.107704,-0.000080,0.862094,0.755813,-0.001913
7.316667,-0.497830,-0.494715,-0.005839,0.879357,0.261039,0.005398,0.848963,-0.106734,-0.000074,0.862191,0.756449,-0.001969
7.333333,-0.489541,-0.493230,-0.005870,0.879616,0.262061,0.005428,0.849198,-0.105262,-0.000062,0.862911,0.755988,-0.001496
7.350000,-0.479367,-0.490688,-0.005901,0.880065,0.263021,0.005447,0.849418,-0.103343,-0.000065,0.863176,0.754418,-0.001565
7.366667,-0.467347,-0.487096,-0.005935,0.880689,0.263903,0.005457,0.849617,-0.100978,-0.000080,0.863284,0.751729,-0.001870
7.383333,-0.453528,-0.482467,-0.005972,0.881465,0.264692,0.005456,0.849793,-0.098157,-0.000095,0.863801,0.747917,-0.001829
7.400000,-0.437965,-0.476817,-0.006009,0.882356,0.265373,0.005446,0.849943,-0.094907,-0.000113,0.864428,0.742986,-0.001722
7.416667,-0.420720,-0.470155,-0.006040,0.883346,0.265935,0.005426,0.850066,-0.091250,-0.000138,0.864850,0.736932,-0.001856
7.433333,-0.401860,-0.462510,-0.006070,0.884385,0.266367,0.005397,0.850158,-0.087202,-0.000165,0.865250,0.729770,-0.002022
7.450000,-0.381460,-0.453906,-0.006100,0.885431,0.266660,0.005359,0.850219,-0.082768,-0.000194,0.865750,0.721517,-0.002074
7.466667,-0.359601,-0.444378,-0.006115,0.886426,0.266807,0.005312,0.850246,-0.077977,-0.000228,0.866205,0.712197,-0.002131
7.483333,-0.336369,-0.433947,-0.006127,0.887352,0.266802,0.005256,0.850240,-0.072843,-0.000256,0.866500,0.701823,-0.002296
7.500000,-0.311855,-0.422672,-0.006134,0.888118,0.266641,0.005191,0.850198,-0.067407,-0.000288,0.866671,0.690448,-0.002487
7.516667,-0.286156,-0.410582,-0.006142,0.888702,0.266322,0.005117,0.850121,-0.061664,-0.000324,0.866706,0.678097,-0.002706
7.533333,-0.259374,-0.397741,-0.006156,0.889031,0.265844,0.005034,0.850008,-0.055667,-0.000368,0.866545,0.664826,-0.002975
7.550000,-0.231615,-0.384207,-0.006175,0.889052,0.265209,0.004943,0.849860,-0.049437,-0.000420,0.866079,0.650693,-0.003377
7.566667,-0.202987,-0.370036,-0.006196,0.888721,0.264419,0.004842,0.849676,-0.043009,-0.000476,0.865179,0.635751,-0.004020
7.583333,-0.173604,-0.355295,-0.006215,0.887996,0.263476,0.004732,0.849456,-0.036428,-0.000529,0.863631,0.620067,-0.005095
7.600000,-0.143581,-0.340051,-0.006230,0.886838,0.262387,0.004614,0.849202,-0.029745,-0.000543,0.861005,0.603710,-0.007015
7.616667,-0.113039,-0.324378,-0.006242,0.885210,0.261158,0.004486,0.848913,-0.023035,-0.000499,0.856559,0.586758,-0.010502
7.633333,-0.082096,-0.308357,-0.006251,0.883081,0.259795,0.004349,0.848591,-0.016317,-0.000359,0.850373,0.569296,-0.015463
7.650000,-0.050874,-0.292065,-0.006259,0.880430,0.258308,0.004206,0.848237,-0.011553,-0.000488,0.857681,0.551413,-0.006653
7.666667,-0.019499,-0.275573,-0.006259,0.877232,0.256781,0.004124,0.847862,-0.006672,-0.000642,0.830951,0.533264,-0.031596
7.683333,0.011908,-0.258966,-0.006260,0.873483,0.255241,0.004061,0.847479,-0.002258,-0.000029,0.803157,0.514968,-0.057324
7.700000,0.043222,-0.242340,-0.006256,0.869185,0.253738,0.004032,0.847100,0.004472,0.000741,0.763465,0.496675,-0.094677
7.716667,0.074320,-0.225778,-0.006243,0.864351,0.252302,0.004017,0.846734,0.011221,0.002024,0.714942,0.478514,-0.140600
7.733333,0.105078,-0.209362,-0.006210,0.859001,0.250957,0.004011,0.846387,0.018995,0.003787,0.671212,0.460605,-0.181482
7.750000,0.135375,-0.193170,-0.006150,0.853168,0.249738,0.004022,0.846070,0.029142,0.004852,0.664836,0.443082,-0.184783
7.766667,0.165093,-0.177280,-0.006075,0.846888,0.248649,0.004027,0.845786,0.034798,0.005538,0.653654,0.426050,-0.192683
7.783333,0.194112,-0.161769,-0.005993,0.840206,0.247692,0.004029,0.845535,0.039066,0.005185,0.652876,0.409618,-0.189994
7.800000,0.222320,-0.146710,-0.005915,0.833174,0.246880,0.004036,0.845323,0.045372,0.004763,0.654091,0.393904,-0.185158
7.816667,0.249604,-0.132164,-0.005848,0.825848,0.246209,0.004035,0.845149,0.052137,0.005057,0.645328,0.378994,-0.190171
7.833333,0.275858,-0.118184,-0.005796,0.818291,0.245675,0.004031,0.845011,0.059722,0.005628,0.632852,0.364971,-0.198799
7.850000,0.300976,-0.104820,-0.005759,0.810570,0.245273,0.004026,0.844910,0.068026,0.006046,0.621473,0.351910,-0.206267
7.866667,0.324861,-0.092112,-0.005734,0.802756,0.244999,0.004021,0.844844,0.077119,0.006147,0.613792,0.339868,-0.210008
7.883333,0.347418,-0.080095,-0.005720,0.794925,0.244842,0.004014,0.844810,0.085582,0.006054,0.608914,0.328888,-0.210954
7.900000,0.368558,-0.068796,-0.005712,0.787151,0.244792,0.004005,0.844806,0.093864,0.006031,0.605702,0.318992,-0.210277
7.916667,0.388197,-0.058238,-0.005708,0.779512,0.244838,0.003995,0.844829,0.102969,0.006261,0.601661,0.310186,-0.210509
7.933333,0.406259,-0.048438,-0.005704,0.772080,0.244965,0.003982,0.844873,0.112679,0.006626,0.596296,0.302454,-0.212180
7.950000,0.422671,-0.039410,-0.005699,0.764929,0.245162,0.003970,0.844937,0.122559,0.006991,0.590643,0.295763,-0.214290
7.966667,0.437369,-0.031169,-0.005699,0.758128,0.245416,0.003956,0.845016,0.132508,0.007311,0.585680,0.290073,-0.215892
7.983333,0.450295,-0.023719,-0.005702,0.751744,0.245715,0.003943,0.845107,0.142324,0.007592,0.581928,0.285315,-0.216498
8.000000,0.461398,-0.017058,-0.005704,0.745840,0.246047,0.003930,0.845207,0.151655,0.007857,0.579356,0.281409,-0.216167
8.016667,0.470634,-0.011184,-0.005706,0.740475,0.246401,0.003918,0.845312,0.160574,0.008119,0.577510,0.278269,-0.215383
8.033333,0.477966,-0.006084,-0.005711,0.735703,0.246767,0.003906,0.845418,0.169262,0.008359,0.575891,0.275796,-0.214669
8.050000,0.483367,-0.001726,-0.005716,0.731579,0.247134,0.003894,0.845525,0.177624,0.008553,0.574352,0.273874,-0.214200
8.066667,0.486814,0.001798,-0.005701,0.728117,0.247494,0.003883,0.845629,0.185462,0.008695,0.573044,0.272520,-0.213829
8.083333,0.488293,0.004572,-0.005692,0.725372,0.247840,0.003873,0.845728,0.192602,0.008778,0.572204,0.271582,-0.213346
8.100000,0.487800,0.006587,-0.005684,0.723368,0.248167,0.003864,0.845821,0.198862,0.008804,0.571959,0.271011,-0.212636
8.116667,0.485336,0.007837,-0.005679,0.722121,0.248468,0.003856,0.845907,0.204122,0.008770,0.572266,0.270772,-0.211748
8.133333,0.480910,0.008331,-0.005670,0.721645,0.248742,0.003849,0.845985,0.208388,0.008673,0.572957,0.270829,-0.210858
8.150000,0.474540,0.008069,-0.005659,0.721946,0.248984,0.003843,0.846054,0.211673,0.008510,0.573861,0.271171,-0.210139
8.166667,0.466252,0.007050,-0.005646,0.723020,0.249194,0.003838,0.846113,0.213934,0.008286,0.574895,0.271801,-0.209672
8.183333,0.456077,0.005270,-0.005632,0.724858,0.249371,0.003834,0.846163,0.215095,0.008006,0.576091,0.272745,-0.209420
8.200000,0.444057,0.002726,-0.005618,0.727442,0.249513,0.003831,0.846204,0.215095,0.007673,0.577512,0.274039,-0.209311
8.216667,0.430238,-0.000588,-0.005604,0.730747,0.249622,0.003829,0.846235,0.213894,0.007287,0.579207,0.275738,-0.209284
8.233333,0.414675,-0.004676,-0.005591,0.734741,0.249699,0.003828,0.846257,0.211486,0.006849,0.581164,0.277904,-0.209335
8.250000,0.397430,-0.009544,-0.005578,0.739386,0.249745,0.003827,0.846270,0.207904,0.006366,0.583354,0.280613,-0.209475
8.266667,0.378570,-0.015198,-0.005565,0.744636,0.249764,0.003827,0.846276,0.203183,0.005847,0.585751,0.283944,-0.209706
8.283333,0.358171,-0.021639,-0.005553,0.750441,0.249759,0.003828,0.846276,0.197343,0.005301,0.588383,0.287974,-0.209975
8.300000,0.336311,-0.028870,-0.005539,0.756743,0.249731,0.003829,0.846269,0.190413,0.004734,0.591308,0.292782,-0.210198
8.316667,0.313079,-0.036888,-0.005524,0.763482,0.249685,0.003830,0.846257,0.182432,0.004151,0.594589,0.298434,-0.210280
8.333333,0.288565,-0.045698,-0.005515,0.770588,0.249623,0.003832,0.846242,0.173465,0.003558,0.598279,0.305000,-0.210136
8.350000,0.262866,-0.055299,-0.005513,0.777991,0.249549,0.003834,0.846222,0.163587,0.002965,0.602398,0.312530,-0.209709
8.366667,0.236084,-0.065674,-0.005515,0.785618,0.249465,0.003837,0.846200,0.152893,0.002380,0.606966,0.321046,-0.208943
8.383333,0.208325,-0.076804,-0.005521,0.793395,0.249375,0.003839,0.846177,0.141489,0.001808,0.612004,0.330555,-0.207782
8.400000,0.179697,-0.088667,-0.005530,0.801246,0.249283,0.003842,0.846152,0.129481,0.001253,0.617547,0.341049,-0.206152
8.416667,0.150314,-0.101236,-0.005546,0.809096,0.249190,0.003844,0.846127,0.116994,0.000722,0.623623,0.352502,-0.203989
8.433333,0.120292,-0.114473,-0.005567,0.816869,0.249098,0.003847,0.846104,0.104166,0.000220,0.630259,0.364867,-0.201227
8.450000,0.089749,-0.128337,-0.005591,0.824495,0.249011,0.003850,0.846080,0.091141,-0.000249,0.637471,0.378083,-0.197816
8.466667,0.058806,-0.142777,-0.005618,0.831903,0.248930,0.003853,0.846059,0.078069,-0.000679,0.645271,0.392078,-0.193710
8.483333,0.027585,-0.157740,-0.005646,0.839029,0.248856,0.003856,0.846039,0.065097,-0.001069,0.653681,0.406767,-0.188854
8.500000,-0.003791,-0.173164,-0.005675,0.845815,0.248791,0.003859,0.846023,0.052369,-0.001414,0.662727,0.422062,-0.183191
8.516667,-0.035198,-0.188983,-0.005702,0.852207,0.248735,0.003862,0.846007,0.040013,-0.001712,0.672451,0.437866,-0.176656
8.533333,-0.066512,-0.205128,-0.005722,0.858158,0.248689,0.003865,0.845996,0.028138,-0.001961,0.682889,0.454080,-0.169187
8.550000,-0.097609,-0.221524,-0.005728,0.863631,0.248653,0.003867,0.845986,0.016826,-0.002159,0.694092,0.470606,-0.160717
8.566667,-0.128368,-0.238096,-0.005714,0.868596,0.248627,0.003870,0.845979,0.006126,-0.002306,0.706134,0.487343,-0.151154
8.583333,-0.158665,-0.254758,-0.005681,0.873033,0.248612,0.003873,0.845976,-0.003935,-0.002401,0.719105,0.504187,-0.140400
8.600000,-0.188382,-0.271425,-0.005636,0.876927,0.248606,0.003875,0.845974,-0.013353,-0.002437,0.733149,0.521038,-0.128301
8.616667,-0.217402,-0.288010,-0.005590,0.880270,0.248610,0.003878,0.845975,-0.022139,-0.002408,0.748486,0.537798,-0.114636
8.633333,-0.245610,-0.304430,-0.005553,0.883065,0.248624,0.003881,0.845979,-0.030300,-0.002307,0.765417,0.554376,-0.099105
8.650000,-0.272894,-0.320598,-0.005527,0.885325,0.248647,0.003886,0.845985,-0.037822,-0.002124,0.784376,0.570681,-0.081279
8.666667,-0.299148,-0.336434,-0.005512,0.887071,0.248682,0.003892,0.845995,-0.044654,-0.001849,0.805827,0.586632,-0.060706
8.683333,-0.324266,-0.351856,-0.005506,0.888332,0.248733,0.003904,0.846007,-0.050730,-0.001472,0.829854,0.602151,-0.037315
8.700000,-0.348151,-0.366786,-0.005509,0.889142,0.248805,0.003923,0.846025,-0.056146,-0.001017,0.854769,0.617171,-0.012814
8.716667,-0.370708,-0.381148,-0.005516,0.889543,0.248913,0.003959,0.846051,-0.061464,-0.000598,0.874585,0.631632,0.006788
8.733333,-0.391848,-0.394871,-0.005525,0.889579,0.249074,0.004018,0.846088,-0.067433,-0.000409,0.880219,0.645483,0.012385
8.750000,-0.411487,-0.407892,-0.005536,0.889301,0.249306,0.004100,0.846141,-0.074032,-0.000516,0.870487,0.658684,0.002766
8.766667,-0.429549,-0.420160,-0.005549,0.888759,0.249622,0.004200,0.846216,-0.080283,-0.000699,0.858609,0.671203,-0.008879
8.783333,-0.445961,-0.431629,-0.005562,0.888007,0.250035,0.004312,0.846315,-0.085328,-0.000676,0.858252,0.683009,-0.008909
8.800000,-0.460659,-0.442250,-0.005575,0.887096,0.250555,0.004432,0.846442,-0.089452,-0.000467,0.866119,0.694069,-0.000650
8.816667,-0.473585,-0.451982,-0.005588,0.886079,0.251178,0.004552,0.846594,-0.093413,-0.000329,0.868735,0.704341,0.002399
8.833333,-0.484688,-0.460789,-0.005603,0.885004,0.251899,0.004671,0.846770,-0.097283,-0.000348,0.863740,0.713786,-0.002147
8.850000,-0.493924,-0.468643,-0.005620,0.883919,0.252711,0.004786,0.846969,-0.100515,-0.000352,0.860780,0.722374,-0.004664
8.866667,-0.501256,-0.475519,-0.005647,0.882866,0.253608,0.004895,0.847189,-0.102973,-0.000258,0.863168,0.730075,-0.001859
8.883333,-0.506657,-0.481390,-0.005676,0.881892,0.254578,0.004996,0.847426,-0.104975,-0.000180,0.864492,0.736852,-0.000167
8.900000,-0.510104,-0.486236,-0.005704,0.881037,0.255605,0.005089,0.847675,-0.106610,-0.000174,0.862449,0.742669,-0.001907
8.916667,-0.511583,-0.490043,-0.005731,0.880329,0.256675,0.005171,0.847933,-0.107682,-0.000161,0.861405,0.747500,-0.002726
8.933333,-0.511090,-0.492800,-0.005757,0.879794,0.257771,0.005244,0.848195,-0.108155,-0.000111,0.862485,0.751317,-0.001510
8.950000,-0.508625,-0.494501,-0.005784,0.879447,0.258876,0.005306,0.848457,-0.108157,-0.000081,0.862805,0.754095,-0.001147
8.966667,-0.504200,-0.495139,-0.005811,0.879300,0.259970,0.005357,0.848715,-0.107705,-0.000081,0.862094,0.755811,-0.001913
8.983333,-0.497830,-0.494715,-0.005839,0.879357,0.261037,0.005398,0.848963,-0.106735,-0.000074,0.862190,0.756447,-0.001970
9.000000,-0.489541,-0.493230,-0.005869,0.879615,0.262060,0.005428,0.849200,-0.105263,-0.000062,0.862912,0.755986,-0.001496
9.016667,-0.479367,-0.490688,-0.005901,0.880065,0.263020,0.005447,0.849419,-0.103344,-0.000065,0.863177,0.754416,-0.001565
9.033333,-0.467347,-0.487096,-0.005935,0.880690,0.263902,0.005457,0.849618,-0.100979,-0.000080,0.863282,0.751727,-0.001872
9.050000,-0.453528,-0.482466,-0.005972,0.881466,0.264690,0.005456,0.849794,-0.098158,-0.000095,0.863797,0.747915,-0.001832
9.066667,-0.437965,-0.476816,-0.006009,0.882356,0.265372,0.005446,0.849944,-0.094908,-0.000113,0.864427,0.742984,-0.001723
9.083333,-0.420720,-0.470155,-0.006040,0.883346,0.265934,0.005426,0.850067,-0.091251,-0.000138,0.864852,0.736930,-0.001854
9.100000,-0.401860,-0.462510,-0.006070,0.884386,0.266366,0.005397,0.850159,-0.087202,-0.000165,0.865252,0.729769,-0.002020
9.116667,-0.381460,-0.453906,-0.006100,0.885431,0.266659,0.005359,0.850219,-0.082768,-0.000194,0.865747,0.721516,-0.002078
9.133333,-0.359601,-0.444378,-0.006115,0.886426,0.266806,0.005312,0.850246,-0.077978,-0.000228,0.866205,0.712195,-0.002131
9.150000,-0.336369,-0.433947,-0.006127,0.887352,0.266801,0.005256,0.850240,-0.072843,-0.000257,0.866505,0.701822,-0.002291
9.166667,-0.311855,-0.422672,-0.006134,0.888118,0.266640,0.005191,0.850198,-0.067407,-0.000288,0.866671,0.690448,-0.002487
9.183333,-0.286156,-0.410583,-0.006142,0.888702,0.266321,0.005117,0.850121,-0.061665,-0.000324,0.866702,0.678096,-0.002710
9.200000,-0.259374,-0.397741,-0.006156,0.889031,0.265844,0.005034,0.850008,-0.055668,-0.000368,0.866543,0.664826,-0.002977
9.216667,-0.231615,-0.384207,-0.006175,0.889052,0.265209,0.004943,0.849860,-0.049437,-0.000420,0.866081,0.650692,-0.003375
9.233333,-0.202987,-0.370036,-0.006196,0.888721,0.264418,0.004842,0.849676,-0.043009,-0.000476,0.865182,0.635751,-0.004016
9.250000,-0.173604,-0.355295,-0.006215,0.887996,0.263476,0.004732,0.849456,-0.036427,-0.000529,0.863640,0.620066,-0.005086
9.266667,-0.143581,-0.340051,-0.006230,0.886838,0.262387,0.004614,0.849202,-0.029745,-0.000543,0.861009,0.603710,-0.007011
9.283333,-0.113039,-0.324378,-0.006241,0.885210,0.261157,0.004486,0.848914,-0.023035,-0.000499,0.856568,0.586757,-0.010494
9.300000,-0.082096,-0.308357,-0.006251,0.883082,0.259794,0.004349,0.848591,-0.016317,-0.000359,0.850383,0.569296,-0.015453
9.316667,-0.050874,-0.292065,-0.006258,0.880430,0.258308,0.004206,0.848237,-0.011556,-0.000488,0.857722,0.551412,-0.006611
9.333333,-0.019499,-0.275573,-0.006259,0.877232,0.256781,0.004124,0.847862,-0.006713,-0.000645,0.830942,0.533264,-0.031605
9.350000,0.011908,-0.258966,-0.006260,0.873483,0.255241,0.004060,0.847479,-0.002327,-0.000029,0.803163,0.514967,-0.057318
9.366667,0.043222,-0.242339,-0.006256,0.869185,0.253737,0.004032,0.847100,0.004377,0.000741,0.763466,0.496674,-0.094676
9.383333,0.074320,-0.225778,-0.006243,0.864351,0.252302,0.004017,0.846733,0.011102,0.002025,0.714937,0.478514,-0.140605
9.400000,0.105078,-0.209362,-0.006209,0.859001,0.250956,0.004011,0.846387,0.018901,0.003784,0.671243,0.460604,-0.181451
9.416667,0.135375,-0.193170,-0.006150,0.853168,0.249738,0.004022,0.846070,0.029088,0.004849,0.664879,0.443081,-0.184740
9.433333,0.165093,-0.177280,-0.006075,0.846888,0.248649,0.004027,0.845786,0.034755,0.005537,0.653678,0.426049,-0.192659
9.450000,0.194112,-0.161769,-0.005993,0.840206,0.247691,0.004029,0.845535,0.039043,0.005187,0.652907,0.409617,-0.189964
9.466667,0.222320,-0.146710,-0.005915,0.833174,0.246880,0.004036,0.845323,0.045371,0.004769,0.654092,0.393904,-0.185157
9.483333,0.249604,-0.132164,-0.005848,0.825848,0.246209,0.004035,0.845149,0.052156,0.005063,0.645311,0.378994,-0.190187
9.500000,0.275858,-0.118184,-0.005796,0.818291,0.245674,0.004031,0.845011,0.059752,0.005633,0.632825,0.364971,-0.198826
9.516667,0.300976,-0.104820,-0.005759,0.810569,0.245273,0.004026,0.844910,0.068063,0.006050,0.621452,0.351910,-0.206288
9.533333,0.324861,-0.092112,-0.005734,0.802756,0.244999,0.004021,0.844844,0.077156,0.006152,0.613777,0.339868,-0.210022
9.550000,0.347418,-0.080095,-0.005720,0.794925,0.244842,0.004014,0.844810,0.085616,0.006059,0.608906,0.328888,-0.210962
9.566667,0.368558,-0.068796,-0.005712,0.787151,0.244792,0.004005,0.844806,0.093895,0.006037,0.605698,0.318992,-0.210280
9.583333,0.388197,-0.058238,-0.005708,0.779512,0.244838,0.003995,0.844828,0.102998,0.006265,0.601655,0.310186,-0.210515
9.600000,0.406259,-0.048438,-0.005704,0.772080,0.244966,0.003983,0.844873,0.112703,0.006630,0.596289,0.302454,-0.212188
9.616667,0.422671,-0.039410,-0.005699,0.764929,0.245163,0.003970,0.844937,0.122579,0.006995,0.590637,0.295764,-0.214296
9.633333,0.437369,-0.031169,-0.005699,0.758128,0.245417,0.003957,0.845016,0.132524,0.007315,0.585675,0.290074,-0.215897
9.650000,0.450295,-0.023719,-0.005702,0.751744,0.245716,0.003943,0.845107,0.142333,0.007596,0.581927,0.285316,-0.216498
9.666667,0.461398,-0.017058,-0.005704,0.745840,0.246049,0.003931,0.845206,0.151659,0.007860,0.579360,0.281410,-0.216163
9.683333,0.470634,-0.011184,-0.005706,0.740475,0.246403,0.003918,0.845311,0.160575,0.008122,0.577513,0.278270,-0.215380
9.700000,0.477966,-0.006084,-0.005711,0.735703,0.246768,0.003906,0.845418,0.169263,0.008362,0.575892,0.275796,-0.214668
9.716667,0.483367,-0.001726,-0.005716,0.731579,0.247135,0.003894,0.845524,0.177625,0.008557,0.574351,0.273875,-0.214201
9.733333,0.486814,0.001798,-0.005701,0.728117,0.247494,0.003883,0.845628,0.185462,0.008698,0.573041,0.272520,-0.213832
9.750000,0.488293,0.004572,-0.005691,0.725372,0.247841,0.003873,0.845728,0.192602,0.008781,0.572204,0.271582,-0.213346
9.766667,0.487800,0.006587,-0.005684,0.723367,0.248168,0.003864,0.845821,0.198860,0.008808,0.571959,0.271011,-0.212636
9.783333,0.485336,0.007838,-0.005678,0.722121,0.248469,0.003856,0.845907,0.204119,0.008774,0.572266,0.270772,-0.211748
9.800000,0.480910,0.008332,-0.005670,0.721645,0.248743,0.003849,0.845985,0.208385,0.008676,0.572955,0.270829,-0.210860
9.816667,0.474540,0.008069,-0.005659,0.721946,0.248986,0.003843,0.846053,0.211668,0.008513,0.573857,0.271171,-0.210142
9.833333,0.466252,0.007050,-0.005646,0.723020,0.249196,0.003838,0.846113,0.213927,0.008289,0.574894,0.271802,-0.209673
9.850000,0.456077,0.005270,-0.005632,0.724858,0.249372,0.003834,0.846162,0.215087,0.008009,0.576087,0.272746,-0.209423
9.866667,0.444057,0.002726,-0.005618,0.727442,0.249514,0.003832,0.846203,0.215087,0.007676,0.577509,0.274040,-0.209314
9.883333,0.430238,-0.000588,-0.005605,0.730747,0.249623,0.003829,0.846233,0.213884,0.007290,0.579203,0.275738,-0.209287
9.900000,0.414675,-0.004676,-0.005591,0.734741,0.249699,0.003828,0.846256,0.211478,0.006852,0.581160,0.277904,-0.209339
9.916667,0.397430,-0.009544,-0.005577,0.739386,0.249746,0.003827,0.846270,0.207898,0.006369,0.583349,0.280613,-0.209479
9.933333,0.378570,-0.015197,-0.005565,0.744637,0.249765,0.003827,0.846276,0.203179,0.005850,0.585750,0.283943,-0.209706
9.950000,0.358171,-0.021639,-0.005552,0.750441,0.249759,0.003828,0.846275,0.197342,0.005304,0.588384,0.287974,-0.209974
9.966667,0.336311,-0.028869,-0.005539,0.756743,0.249732,0.003829,0.846269,0.190413,0.004736,0.591312,0.292782,-0.210194
9.983333,0.313079,-0.036888,-0.005524,0.763482,0.249685,0.003830,0.846257,0.182435,0.004154,0.594593,0.298435,-0.210276
10.000000,0.288565,-0.045698,-0.005515,0.770588,0.249623,0.003832,0.846241,0.173469,0.003561,0.598280,0.305001,-0.210135
